8500,0,-0.32103195786476135,1,-0.7621977925300598,2,0.6616795659065247,3,-1.0272996425628662,4,0.7492699027061462,5,2.150635242462158,6,0.6347541809082031,7,0.8725651502609253,8,2.1939423084259033,9,0.517802894115448
8501,0,-1.2961081266403198,1,-1.8079372644424438,2,-1.692267894744873,3,-2.056319236755371,4,-1.8504014015197754,5,-2.6533164978027344,6,-1.0174108743667603,7,2.9682564735412598,8,-2.151601791381836,9,-1.2975280284881592
8502,0,-2.091693639755249,1,-1.6299024820327759,2,-1.3521728515625,3,0.1253143846988678,4,-1.188319206237793,5,1.1287000179290771,6,2.148925304412842,7,-0.17366677522659302,8,1.048234224319458,9,0.2013835459947586
8503,0,-0.8409932255744934,1,-0.6015969514846802,2,-1.3165704011917114,3,0.9026530385017395,4,1.1326746940612793,5,1.898263931274414,6,2.4994444847106934,7,0.16746360063552856,8,2.326115608215332,9,1.8205530643463135
8504,0,2.463275671005249,1,-2.2534244060516357,2,-1.2268189191818237,3,-3.0500991344451904,4,-2.114123821258545,5,-1.9407812356948853,6,-1.5003135204315186,7,0.46937376260757446,8,0.9639065265655518,9,-1.4995701313018799
8505,0,-2.4831836223602295,1,-2.4692015647888184,2,1.009615421295166,3,1.2805025577545166,4,-1.1724385023117065,5,0.8848314881324768,6,0.5587854385375977,7,1.697222352027893,8,0.5853416919708252,9,1.5802754163742065
8506,0,-2.5342628955841064,1,-1.5083413124084473,2,-2.3394298553466797,3,2.1875557899475098,4,-0.8157086372375488,5,1.0951522588729858,6,1.4133340120315552,7,0.6027693748474121,8,2.2767527103424072,9,2.9811854362487793
8507,0,-0.8184069991111755,1,-1.702040195465088,2,-2.298454523086548,3,-2.1194634437561035,4,-0.26096582412719727,5,-2.1050193309783936,6,0.48200565576553345,7,-1.0539425611495972,8,0.01966593973338604,9,2.584554433822632
8508,0,-2.0118463039398193,1,-1.5045702457427979,2,-0.2774961590766907,3,1.3577158451080322,4,-0.16307947039604187,5,2.9031195640563965,6,0.03914988040924072,7,0.08567449450492859,8,1.4641098976135254,9,2.9838149547576904
8509,0,-1.724547266960144,1,-1.5320154428482056,2,-0.9597267508506775,3,2.3097293376922607,4,-1.208823800086975,5,1.3806649446487427,6,1.0688140392303467,7,0.8215383291244507,8,0.7998436093330383,9,1.0465984344482422
8510,0,-0.6026836633682251,1,-0.8945279121398926,2,1.3657840490341187,3,-1.2062673568725586,4,-1.2439972162246704,5,2.5203657150268555,6,2.839262008666992,7,2.2801895141601562,8,2.7313637733459473,9,1.0373214483261108
8511,0,-1.1760252714157104,1,-3.0497663021087646,2,-1.9008218050003052,3,-2.559431791305542,4,-0.22801417112350464,5,1.6990188360214233,6,-0.5953111052513123,7,-0.285183310508728,8,-1.2927418947219849,9,0.14539147913455963
8512,0,-2.2492051124572754,1,2.2607622146606445,2,-2.43644642829895,3,-1.4805512428283691,4,-0.09565954655408859,5,0.847441554069519,6,0.671457827091217,7,0.44057896733283997,8,1.555497646331787,9,2.6534903049468994
8513,0,-2.793187379837036,1,-2.9127185344696045,2,-1.1265869140625,3,-2.6245920658111572,4,-1.37796151638031,5,1.8823796510696411,6,0.9606150388717651,7,0.7284279465675354,8,-0.10024484992027283,9,-2.0503106117248535
8514,0,-3.111976385116577,1,0.2818482518196106,2,0.2969719171524048,3,1.236915111541748,4,1.4888103008270264,5,2.914356231689453,6,1.0223912000656128,7,2.536176919937134,8,1.5360466241836548,9,1.9223570823669434
8515,0,-2.6251492500305176,1,-3.136079788208008,2,-1.7012169361114502,3,-2.6965553760528564,4,-0.22427871823310852,5,-1.1876521110534668,6,-1.5146342515945435,7,0.5737013816833496,8,1.0449999570846558,9,1.9088470935821533
8516,0,-1.8051477670669556,1,1.1475023031234741,2,-2.0160458087921143,3,0.08773785084486008,4,0.38657355308532715,5,2.714022397994995,6,-0.20895449817180634,7,1.7208844423294067,8,1.793121576309204,9,2.1552932262420654
8517,0,-2.1892588138580322,1,-2.891026258468628,2,-2.328498363494873,3,-1.396763563156128,4,-1.1507936716079712,5,0.6003748774528503,6,-0.5686944723129272,7,-0.1734904944896698,8,-1.2076698541641235,9,0.6137673854827881
8518,0,-1.6395035982131958,1,3.1249635219573975,2,-2.056795597076416,3,-1.433072805404663,4,-0.8418986797332764,5,-1.0692739486694336,6,2.1685681343078613,7,2.0175161361694336,8,-0.5973993539810181,9,0.681904137134552
8519,0,-1.370980143547058,1,-1.8967947959899902,2,-0.903183102607727,3,-0.7887276411056519,4,-0.7844205498695374,5,1.7408210039138794,6,-2.8261213302612305,7,-0.09084923565387726,8,-0.6487326622009277,9,1.4512825012207031
8520,0,-2.7789466381073,1,-0.5238103270530701,2,0.07156442105770111,3,-0.6020693778991699,4,-2.7410290241241455,5,1.9590072631835938,6,2.6880741119384766,7,1.3032511472702026,8,2.325335741043091,9,1.59322190284729
8521,0,-1.983453392982483,1,-0.4862418472766876,2,-1.929161787033081,3,-0.8123173117637634,4,-0.16133414208889008,5,2.980316638946533,6,-0.20393651723861694,7,0.613916277885437,8,2.8919787406921387,9,1.6911495923995972
8522,0,-2.129920244216919,1,-1.260859489440918,2,-2.4141883850097656,3,1.2594064474105835,4,0.9550886750221252,5,-0.8446254730224609,6,-0.03029518388211727,7,2.879791021347046,8,0.7430006861686707,9,-2.9148716926574707
8523,0,-3.0865118503570557,1,-2.489290475845337,2,-0.048115797340869904,3,-0.1337873786687851,4,-1.8642065525054932,5,0.7373326420783997,6,1.6262754201889038,7,1.018850564956665,8,0.7112516760826111,9,0.727383017539978
8524,0,-1.1957335472106934,1,-1.3772566318511963,2,-2.7557480335235596,3,-0.575543224811554,4,1.4990938901901245,5,0.6845411062240601,6,-1.9491329193115234,7,0.548618733882904,8,1.0226410627365112,9,-1.4114892482757568
8525,0,-2.9581263065338135,1,-0.6748383045196533,2,-0.5453920960426331,3,-1.6447548866271973,4,1.194000244140625,5,0.32130980491638184,6,1.261712908744812,7,0.17674216628074646,8,1.9910143613815308,9,-0.17711825668811798
8526,0,-2.587390422821045,1,-1.0251470804214478,2,-0.820777952671051,3,0.6410320997238159,4,-2.6166903972625732,5,-1.378887414932251,6,-1.6455565690994263,7,1.8929945230484009,8,2.654928684234619,9,0.07626117020845413
8527,0,1.8511946201324463,1,-0.5332038402557373,2,1.3669764995574951,3,-0.6656596660614014,4,-1.172122597694397,5,-0.02005225047469139,6,2.7877326011657715,7,2.8317410945892334,8,-0.23648321628570557,9,-0.004048692993819714
8528,0,-2.482719659805298,1,-0.5470951795578003,2,-2.7275054454803467,3,-1.130218744277954,4,-0.11671867966651917,5,-1.2692320346832275,6,1.7523398399353027,7,2.4402573108673096,8,-0.7114929556846619,9,0.7528182864189148
8529,0,-2.660097360610962,1,-2.208616256713867,2,-2.9198529720306396,3,-2.94675874710083,4,-0.2789759039878845,5,-0.5826618671417236,6,0.9141597747802734,7,2.421560287475586,8,2.325263500213623,9,-2.9288229942321777
8530,0,-2.76823091506958,1,1.4000129699707031,2,-2.0723588466644287,3,0.012829483486711979,4,2.8354599475860596,5,2.6849052906036377,6,0.6637271046638489,7,1.5292621850967407,8,0.4634663462638855,9,0.40461525321006775
8531,0,-2.068845748901367,1,-1.1486356258392334,2,-0.8463572859764099,3,-0.9331473112106323,4,0.8301398158073425,5,-1.0947155952453613,6,0.20470230281352997,7,0.06883928179740906,8,-1.5504953861236572,9,-0.7537873983383179
8532,0,-2.5580875873565674,1,-0.5631746649742126,2,-2.8116836547851562,3,1.5425779819488525,4,-0.19715425372123718,5,2.6755168437957764,6,-1.562632441520691,7,0.4980376660823822,8,2.9297969341278076,9,3.0701682567596436
8533,0,-2.5018208026885986,1,3.067026376724243,2,-2.8279101848602295,3,-1.1104768514633179,4,1.0214149951934814,5,1.3101602792739868,6,1.0907701253890991,7,2.0590479373931885,8,2.2485501766204834,9,3.0145905017852783
8534,0,-1.9312103986740112,1,-2.0765817165374756,2,0.6734512448310852,3,-0.7908745408058167,4,-2.749415397644043,5,0.6204505562782288,6,1.8244402408599854,7,1.9819165468215942,8,0.25600868463516235,9,0.31012725830078125
8535,0,-1.798420786857605,1,-1.2528395652770996,2,1.2714558839797974,3,-0.9074535369873047,4,0.23012927174568176,5,1.933119773864746,6,2.3432960510253906,7,0.31991758942604065,8,-0.20783482491970062,9,0.544699490070343
8536,0,-3.1153862476348877,1,-1.619513988494873,2,-2.345608711242676,3,-0.6134830713272095,4,-1.1314195394515991,5,-1.3991076946258545,6,-0.8349971771240234,7,1.8059470653533936,8,-2.2210798263549805,9,-2.4760985374450684
8537,0,-2.341865301132202,1,-2.7699429988861084,2,-3.0574207305908203,3,2.0507547855377197,4,-0.812391459941864,5,-1.4714823961257935,6,2.6099729537963867,7,2.6562154293060303,8,2.2078988552093506,9,0.39490675926208496
8538,0,-2.331822395324707,1,-2.0043461322784424,2,-0.33834347128868103,3,2.8303513526916504,4,-1.9963362216949463,5,1.6182445287704468,6,1.5730559825897217,7,1.9783656597137451,8,2.8132829666137695,9,1.0468631982803345
8539,0,-2.679075002670288,1,-2.050732374191284,2,-2.0709140300750732,3,0.4603555500507355,4,-3.072737455368042,5,2.314396381378174,6,2.0137650966644287,7,3.0430943965911865,8,2.768489122390747,9,0.4471069276332855
8540,0,-1.5130246877670288,1,-2.35819673538208,2,-2.343867301940918,3,0.9334642887115479,4,-0.8671425580978394,5,2.9181690216064453,6,-0.4602452218532562,7,0.33751779794692993,8,0.02124667912721634,9,2.114640712738037
8541,0,-1.953879475593567,1,-1.173695683479309,2,-3.114577293395996,3,-1.7168501615524292,4,2.8738362789154053,5,1.7480852603912354,6,1.3659722805023193,7,1.9206606149673462,8,-0.15133917331695557,9,2.3602676391601562
8542,0,-2.8351166248321533,1,-1.7880951166152954,2,-2.1258814334869385,3,2.102123975753784,4,1.2320369482040405,5,0.8487474918365479,6,3.1104679107666016,7,0.5962796807289124,8,1.6123733520507812,9,2.61783766746521
8543,0,-1.593082070350647,1,-1.5995993614196777,2,-1.7614408731460571,3,0.9489668607711792,4,-1.054482102394104,5,1.9830831289291382,6,2.227933645248413,7,2.0799803733825684,8,0.04284454137086868,9,0.9549887776374817
8544,0,-2.814176321029663,1,-1.164743185043335,2,3.084087371826172,3,-0.9481356143951416,4,-1.1805224418640137,5,2.186673641204834,6,0.43535590171813965,7,-0.17872872948646545,8,1.1150745153427124,9,-0.33802637457847595
8545,0,-1.2546571493148804,1,-2.486501455307007,2,-2.7041878700256348,3,-1.9060585498809814,4,-0.15343710780143738,5,0.14906056225299835,6,3.08782696723938,7,0.6091075539588928,8,-0.9784121513366699,9,2.953981876373291
8546,0,-2.499293565750122,1,-1.9507588148117065,2,-1.0558165311813354,3,-0.5027390122413635,4,-0.36562973260879517,5,1.0793445110321045,6,-0.4290013611316681,7,0.197270467877388,8,-0.5179384350776672,9,-2.405331611633301
8547,0,-2.805821657180786,1,-1.599715232849121,2,3.132338762283325,3,-1.1318901777267456,4,2.2806897163391113,5,0.5599166750907898,6,1.4849830865859985,7,1.6863129138946533,8,0.08159961551427841,9,-0.4058437943458557
8548,0,-2.859253406524658,1,-0.24575436115264893,2,-0.1651688814163208,3,0.6636961102485657,4,0.5872928500175476,5,2.731069803237915,6,0.9772917032241821,7,2.427921772003174,8,2.170255422592163,9,2.696370840072632
8549,0,-1.8491857051849365,1,-3.0972065925598145,2,-1.5119481086730957,3,2.4156534671783447,4,-0.840829610824585,5,2.303849220275879,6,0.7993346452713013,7,2.8409407138824463,8,-2.8939661979675293,9,0.7364927530288696
8550,0,-1.2337265014648438,1,3.0199320316314697,2,-1.938056468963623,3,-0.4513785243034363,4,-1.3307960033416748,5,0.14001871645450592,6,-0.16811688244342804,7,0.7534517049789429,8,1.5092154741287231,9,1.4316413402557373
8551,0,-2.895948648452759,1,-2.395944833755493,2,-2.8476502895355225,3,-1.8459279537200928,4,-0.2604708671569824,5,1.1583130359649658,6,0.0301529448479414,7,0.24891597032546997,8,-0.34856781363487244,9,1.4900622367858887
8552,0,3.0286035537719727,1,0.024128716439008713,2,1.296687126159668,3,2.1241369247436523,4,-1.9729578495025635,5,2.4539525508880615,6,2.5772948265075684,7,-0.3703770637512207,8,1.8238731622695923,9,0.5523672699928284
8553,0,-2.8801629543304443,1,-2.960858106613159,2,0.2616356611251831,3,-3.1122448444366455,4,1.3347047567367554,5,0.30431511998176575,6,0.5913437604904175,7,0.7435793280601501,8,-0.20246601104736328,9,2.777596950531006
8554,0,2.6299803256988525,1,2.880002975463867,2,-1.3477205038070679,3,0.6209663152694702,4,2.2620036602020264,5,-0.2581670880317688,6,1.8858734369277954,7,1.6795953512191772,8,2.239037036895752,9,-0.26250362396240234
8555,0,-1.012134075164795,1,1.7571148872375488,2,-2.982069969177246,3,0.5434157252311707,4,2.5946974754333496,5,-1.0204033851623535,6,-2.6397695541381836,7,1.9139283895492554,8,1.974556565284729,9,2.594778537750244
8556,0,-2.8673348426818848,1,-1.2279815673828125,2,-2.8150129318237305,3,-3.1264758110046387,4,-0.7492051720619202,5,-0.2937072813510895,6,0.5696823000907898,7,2.138202667236328,8,-0.5552157759666443,9,-1.1517976522445679
8557,0,-1.8423198461532593,1,-0.701572835445404,2,-1.0885976552963257,3,2.4066879749298096,4,1.2447258234024048,5,1.5875625610351562,6,1.246455192565918,7,0.42162999510765076,8,0.4048634171485901,9,0.5852892994880676
8558,0,-2.8343515396118164,1,-1.1620256900787354,2,-1.0721919536590576,3,-1.4588502645492554,4,2.881075382232666,5,1.4958339929580688,6,0.4548898935317993,7,1.8873131275177002,8,2.8222837448120117,9,-3.0826854705810547
8559,0,-2.5858352184295654,1,-0.484268456697464,2,-1.6740531921386719,3,-1.7718418836593628,4,0.812264621257782,5,-1.4035122394561768,6,-1.4854272603988647,7,2.246363401412964,8,1.778175950050354,9,0.797059953212738
8560,0,-1.9667624235153198,1,-0.6073117256164551,2,1.0218148231506348,3,-2.2780139446258545,4,2.6430001258850098,5,0.17590326070785522,6,2.9923698902130127,7,0.8687951564788818,8,0.3876246511936188,9,0.6077668070793152
8561,0,-2.0109164714813232,1,-0.8657214045524597,2,2.5763063430786133,3,1.1774944067001343,4,1.0171592235565186,5,0.28352853655815125,6,0.6505755186080933,7,2.48203706741333,8,-0.1698833703994751,9,2.6659700870513916
8562,0,-2.7953548431396484,1,-1.8091113567352295,2,-0.8178727626800537,3,-0.8645491600036621,4,1.0783631801605225,5,2.679877758026123,6,-2.9354405403137207,7,2.384324073791504,8,2.562433958053589,9,1.0638200044631958
8563,0,-2.480029344558716,1,-2.25177264213562,2,-1.3713270425796509,3,-1.6672418117523193,4,2.538851261138916,5,1.5962904691696167,6,-1.289106845855713,7,1.2782715559005737,8,-0.8014926910400391,9,2.281733989715576
8564,0,2.4154274463653564,1,0.9279062747955322,2,2.990220785140991,3,0.778365433216095,4,1.698944091796875,5,1.5946708917617798,6,1.4534353017807007,7,1.7900829315185547,8,0.4562658965587616,9,2.77455997467041
8565,0,-2.2443065643310547,1,1.2319481372833252,2,-2.8179914951324463,3,1.1326066255569458,4,-2.7980945110321045,5,2.816882848739624,6,-2.270186185836792,7,0.22311179339885712,8,-0.2736899256706238,9,2.000670909881592
8566,0,-2.1916818618774414,1,-2.8131799697875977,2,-1.3425524234771729,3,-1.0409256219863892,4,2.5746572017669678,5,2.7275030612945557,6,-0.4467586576938629,7,0.2190396785736084,8,0.9790635108947754,9,3.051199197769165
8567,0,-2.406712293624878,1,-0.2759704887866974,2,-2.8688478469848633,3,3.0956380367279053,4,1.287396788597107,5,1.455613613128662,6,0.8286411166191101,7,2.298414945602417,8,2.5900180339813232,9,2.6356139183044434
8568,0,-2.2213096618652344,1,-2.449427366256714,2,-0.6534364223480225,3,-0.7155827879905701,4,-3.011695384979248,5,-2.807098865509033,6,-0.39263051748275757,7,2.3836207389831543,8,2.4923501014709473,9,0.9905384182929993
8569,0,-1.9401395320892334,1,-2.1352570056915283,2,0.7640756964683533,3,-1.173505425453186,4,-0.24803389608860016,5,2.326507329940796,6,2.85432505607605,7,0.9692251086235046,8,-2.9194982051849365,9,0.7837607860565186
8570,0,-2.905884027481079,1,0.9797720909118652,2,2.8201887607574463,3,2.790160655975342,4,2.881333827972412,5,0.7824580073356628,6,1.9687964916229248,7,2.299225330352783,8,2.90096116065979,9,2.486438274383545
8571,0,-2.6365346908569336,1,-0.38432541489601135,2,-1.2675890922546387,3,1.43046236038208,4,1.5193071365356445,5,2.243640184402466,6,-2.20324444770813,7,0.5927053093910217,8,-0.31590595841407776,9,0.790563702583313
8572,0,-1.5969611406326294,1,-2.2114343643188477,2,-0.18679559230804443,3,-2.4068410396575928,4,-2.1602978706359863,5,2.109187126159668,6,2.3532373905181885,7,1.214175820350647,8,2.7173242568969727,9,-2.7375965118408203
8573,0,-2.8206992149353027,1,1.320207118988037,2,-2.0949900150299072,3,0.24452091753482819,4,2.9371581077575684,5,2.5095090866088867,6,0.17519639432430267,7,1.6614735126495361,8,2.7173452377319336,9,0.9012590646743774
8574,0,-1.8699169158935547,1,-2.159003257751465,2,-2.4482200145721436,3,-0.935406506061554,4,-2.761307716369629,5,-2.0785672664642334,6,0.9910798668861389,7,0.011238320730626583,8,1.191426396369934,9,3.020139455795288
8575,0,-1.5434645414352417,1,-2.3934996128082275,2,-1.828297734260559,3,-1.9890084266662598,4,-0.5100655555725098,5,-2.5262362957000732,6,2.798661708831787,7,0.2463112473487854,8,-0.6640470027923584,9,-0.8033341765403748
8576,0,-2.3364882469177246,1,-3.000671148300171,2,-0.994002103805542,3,-0.36345937848091125,4,-2.8291871547698975,5,-2.904282569885254,6,0.11175616085529327,7,2.7736120223999023,8,-0.8409029245376587,9,0.8247971534729004
8577,0,-2.0050368309020996,1,-1.8238322734832764,2,-0.5126832723617554,3,-3.0323736667633057,4,-1.213638424873352,5,-0.8552679419517517,6,1.3661500215530396,7,2.531938314437866,8,-0.12284119427204132,9,0.04973461106419563
8578,0,-2.7143492698669434,1,-1.5711345672607422,2,-1.74241304397583,3,2.4394936561584473,4,-1.2865149974822998,5,0.7703519463539124,6,1.4822545051574707,7,1.8068939447402954,8,2.342970132827759,9,1.1057231426239014
8579,0,-1.6101137399673462,1,-2.841648817062378,2,-1.1291923522949219,3,0.7971990704536438,4,0.8059384226799011,5,1.5069330930709839,6,-0.24252702295780182,7,0.7392194271087646,8,2.542459487915039,9,2.7697808742523193
8580,0,-2.1532819271087646,1,-1.2466431856155396,2,-0.6466645002365112,3,-1.3941404819488525,4,-0.44545531272888184,5,0.41437917947769165,6,0.46355289220809937,7,0.6712011694908142,8,1.432361364364624,9,2.836466073989868
8581,0,-2.0507869720458984,1,-2.7511773109436035,2,-0.887836217880249,3,-2.3717281818389893,4,-2.259155035018921,5,0.5238437652587891,6,2.341935634613037,7,-0.2747105658054352,8,-2.4389891624450684,9,-2.4018194675445557
8582,0,-2.8936898708343506,1,-0.7936249375343323,2,-2.033881425857544,3,1.1259504556655884,4,-2.852734088897705,5,1.61355459690094,6,-0.8842818140983582,7,0.050098150968551636,8,-0.14823968708515167,9,2.482307195663452
8583,0,-1.826432704925537,1,-0.9342101216316223,2,-0.1748303323984146,3,-1.2455737590789795,4,-0.5098326802253723,5,1.6888916492462158,6,2.8968331813812256,7,1.8715002536773682,8,0.4181475043296814,9,0.006357316393405199
8584,0,-1.7843635082244873,1,-2.4292218685150146,2,-0.8848065733909607,3,-1.3402705192565918,4,0.7702355980873108,5,-1.4158366918563843,6,0.6566389203071594,7,1.9807476997375488,8,2.586596727371216,9,1.8332544565200806
8585,0,0.8919529914855957,1,1.3759516477584839,2,-1.1549023389816284,3,2.5572640895843506,4,3.0388214588165283,5,0.16064095497131348,6,2.718626022338867,7,0.4546680450439453,8,0.716559886932373,9,1.8811688423156738
8586,0,-2.0049400329589844,1,-1.4988805055618286,2,-1.9133529663085938,3,2.8916196823120117,4,2.158703565597534,5,2.1427249908447266,6,0.03226977214217186,7,-0.17819495499134064,8,1.1415330171585083,9,2.1232190132141113
8587,0,0.21572351455688477,1,2.541409492492676,2,-1.3654834032058716,3,-1.6442737579345703,4,3.0130996704101562,5,-0.2875252068042755,6,0.28090739250183105,7,1.9549177885055542,8,2.6304116249084473,9,0.1789027601480484
8588,0,-2.8956918716430664,1,-1.9410243034362793,2,-0.14071497321128845,3,-0.7709210515022278,4,-1.454866647720337,5,-2.23221755027771,6,2.3270888328552246,7,1.588643193244934,8,-0.8475085496902466,9,2.139941453933716
8589,0,-2.392530679702759,1,-2.946674108505249,2,-1.8423817157745361,3,1.0297815799713135,4,-1.481732726097107,5,-0.9053266048431396,6,-1.1255980730056763,7,0.20219969749450684,8,0.34718653559684753,9,1.001291036605835
8590,0,2.671539068222046,1,-2.5942435264587402,2,2.8139123916625977,3,-0.9953790307044983,4,0.005180848762392998,5,0.1396159678697586,6,2.6955108642578125,7,2.8121283054351807,8,0.020369380712509155,9,-3.0969157218933105
8591,0,-2.9029181003570557,1,-1.253736972808838,2,0.7647784352302551,3,0.9598052501678467,4,1.1332801580429077,5,1.8368165493011475,6,1.6738080978393555,7,-2.4210000038146973,8,0.4553771913051605,9,1.1237754821777344
8592,0,-2.654587507247925,1,-1.680663824081421,2,-3.0921671390533447,3,-0.8838710784912109,4,2.7872304916381836,5,2.5349512100219727,6,-0.5259811878204346,7,1.7297736406326294,8,1.3188660144805908,9,0.08906981348991394
8593,0,-1.339321255683899,1,-1.340120553970337,2,2.929441213607788,3,0.08796973526477814,4,0.1582416445016861,5,1.840226650238037,6,1.9808892011642456,7,2.5375959873199463,8,2.8974568843841553,9,0.2552166283130646
8594,0,-2.548701286315918,1,2.7761006355285645,2,2.9376161098480225,3,-1.162405252456665,4,-1.008583903312683,5,0.2566882371902466,6,-1.2221978902816772,7,1.8702948093414307,8,2.7079505920410156,9,-2.0602896213531494
8595,0,-2.0315370559692383,1,-2.0151777267456055,2,-2.4079031944274902,3,-1.4293041229248047,4,-2.0229928493499756,5,0.4907783567905426,6,0.015902947634458542,7,0.09334531426429749,8,2.9499945640563965,9,2.4394173622131348
8596,0,-1.8084088563919067,1,-0.5382615327835083,2,-1.9916020631790161,3,-0.05115901678800583,4,3.101668357849121,5,0.6800806522369385,6,2.6027557849884033,7,2.8900647163391113,8,0.3067076802253723,9,1.7687329053878784
8597,0,-1.9939484596252441,1,-2.1545560359954834,2,-0.7517709732055664,3,-3.0686378479003906,4,-2.43379282951355,5,2.406043291091919,6,2.297171115875244,7,0.16422688961029053,8,1.2852869033813477,9,2.7459447383880615
8598,0,-2.5980029106140137,1,-2.616196393966675,2,-2.6771836280822754,3,-0.49760016798973083,4,-2.653730630874634,5,2.947499990463257,6,0.30690035223960876,7,-0.04454990103840828,8,-0.9218161702156067,9,-1.2802822589874268
8599,0,-1.5399976968765259,1,-1.307053804397583,2,-1.8815122842788696,3,-2.5916786193847656,4,0.8560419678688049,5,-1.4882055521011353,6,0.7550612688064575,7,0.03174031153321266,8,-0.12382599711418152,9,2.026761770248413
8600,0,-2.249532699584961,1,-2.953721284866333,2,-2.619783639907837,3,-1.330862283706665,4,-1.6692743301391602,5,-3.0207338333129883,6,-0.641298234462738,7,-0.3397856652736664,8,1.4138859510421753,9,1.9821219444274902
8601,0,-3.1312239170074463,1,-0.6770169734954834,2,-2.298992872238159,3,0.8129368424415588,4,1.5299792289733887,5,1.70631742477417,6,0.6881363391876221,7,1.7684531211853027,8,0.3703983426094055,9,0.629352331161499
8602,0,-2.9589390754699707,1,-1.9982326030731201,2,-1.1417678594589233,3,-0.7603271007537842,4,3.0842463970184326,5,2.9377424716949463,6,1.622571349143982,7,3.1243159770965576,8,2.5788443088531494,9,2.688314437866211
8603,0,-1.9232121706008911,1,1.075669527053833,2,1.2836062908172607,3,1.1726833581924438,4,2.905867099761963,5,-3.024714708328247,6,0.6033360958099365,7,1.7569483518600464,8,0.3647703230381012,9,0.759478747844696
8604,0,0.8933981657028198,1,-1.4885389804840088,2,-2.120063304901123,3,-1.5858811140060425,4,0.8877489566802979,5,-0.9110584855079651,6,0.14843198657035828,7,0.5371627807617188,8,-0.6938363909721375,9,0.4052506983280182
8605,0,-2.678170680999756,1,-3.0297043323516846,2,1.1849082708358765,3,-1.2287660837173462,4,-1.794999599456787,5,1.5837324857711792,6,2.8704025745391846,7,0.5017951130867004,8,0.02189015783369541,9,2.7601816654205322
8606,0,-2.6978113651275635,1,-2.07415771484375,2,-1.4738314151763916,3,-2.0234031677246094,4,-2.0963668823242188,5,1.2642713785171509,6,2.5919013023376465,7,0.000747141835745424,8,0.46697619557380676,9,-1.0053094625473022
8607,0,-1.9994871616363525,1,-2.5668044090270996,2,-2.4563331604003906,3,2.871795177459717,4,0.14461767673492432,5,-0.6995195150375366,6,-0.6591023802757263,7,-0.9406985640525818,8,0.3433702886104584,9,2.251300811767578
8608,0,-1.5628210306167603,1,-2.270061492919922,2,-2.7719669342041016,3,1.3967565298080444,4,-2.830413818359375,5,1.7443630695343018,6,2.349742889404297,7,2.1068115234375,8,1.5276373624801636,9,0.4058382511138916
8609,0,-1.7636432647705078,1,-0.602124035358429,2,2.754528522491455,3,0.16857481002807617,4,1.2962459325790405,5,2.9701356887817383,6,1.6494157314300537,7,2.4076454639434814,8,0.688941478729248,9,0.1612810492515564
8610,0,-2.3786511421203613,1,-1.4927407503128052,2,-2.8280224800109863,3,-0.5969548225402832,4,2.4552481174468994,5,-1.702901840209961,6,1.808273196220398,7,0.05898258462548256,8,0.6464635729789734,9,2.828662395477295
8611,0,-2.8204784393310547,1,-1.140974998474121,2,-2.9245612621307373,3,-2.384326219558716,4,-0.9129453897476196,5,2.6010446548461914,6,1.76370370388031,7,1.1805946826934814,8,1.0924628973007202,9,2.1704156398773193
8612,0,0.5625831484794617,1,-0.28650060296058655,2,-2.8823487758636475,3,1.045063853263855,4,3.0391111373901367,5,1.113991141319275,6,1.5119625329971313,7,2.842031955718994,8,2.0843780040740967,9,3.031118392944336
8613,0,-1.2691476345062256,1,-0.6828943490982056,2,-0.37875398993492126,3,-0.33875998854637146,4,2.275925874710083,5,-1.0398989915847778,6,-0.9840326905250549,7,2.204810857772827,8,-0.4022085964679718,9,0.7332226634025574
8614,0,-1.3041366338729858,1,-2.8644914627075195,2,-1.0330828428268433,3,3.1252095699310303,4,-0.6225326061248779,5,0.3732791543006897,6,-0.3557361960411072,7,-0.07083410769701004,8,0.35213568806648254,9,-1.0285333395004272
8615,0,-2.8142335414886475,1,-0.8705505728721619,2,-2.45975399017334,3,2.945587635040283,4,-1.2318252325057983,5,2.4535744190216064,6,1.6208975315093994,7,0.6529446244239807,8,1.59912109375,9,1.6255208253860474
8616,0,-0.8834672570228577,1,-2.9887516498565674,2,1.012865662574768,3,-1.6413300037384033,4,-2.9427576065063477,5,0.57864910364151,6,-0.6447779536247253,7,-1.263968586921692,8,2.6651532649993896,9,2.0705926418304443
8617,0,-1.9450699090957642,1,-2.280334949493408,2,-2.8070766925811768,3,-1.4435070753097534,4,1.5353108644485474,5,-0.22168613970279694,6,-0.6917943358421326,7,1.6402134895324707,8,1.4983232021331787,9,0.2872667908668518
8618,0,-2.198615550994873,1,3.114423990249634,2,-2.974829912185669,3,0.5217406749725342,4,0.7794694304466248,5,-1.2198396921157837,6,-1.064603567123413,7,1.65227472782135,8,2.9111738204956055,9,2.217510938644409
8619,0,-2.7763123512268066,1,-1.628126859664917,2,-1.0860273838043213,3,-0.28542250394821167,4,0.3273281157016754,5,-0.8404740691184998,6,2.3672797679901123,7,0.6576664447784424,8,2.249537229537964,9,2.7710704803466797
8620,0,-0.7101531624794006,1,0.04820256680250168,2,-1.3246277570724487,3,-2.4890975952148438,4,0.6204670667648315,5,2.798557758331299,6,0.5312414765357971,7,2.198640823364258,8,1.8312474489212036,9,2.343029499053955
8621,0,-2.915680408477783,1,-0.9448878765106201,2,-0.2163095623254776,3,-0.899662435054779,4,-0.858627200126648,5,1.5390362739562988,6,2.32307505607605,7,1.8418078422546387,8,1.1520854234695435,9,3.0115718841552734
8622,0,-2.5370798110961914,1,-2.3955492973327637,2,-3.006762981414795,3,0.590166449546814,4,0.07009387761354446,5,1.8763396739959717,6,0.8115630149841309,7,0.182559996843338,8,2.7758498191833496,9,-2.7965288162231445
8623,0,-2.723893404006958,1,-0.7229873538017273,2,-3.050821304321289,3,-0.48307496309280396,4,-0.7303264737129211,5,0.8112548589706421,6,2.61076283454895,7,1.1661781072616577,8,-1.661792278289795,9,-0.45518508553504944
8624,0,-0.8924232721328735,1,1.2612495422363281,2,0.1644645482301712,3,2.19316029548645,4,1.9775640964508057,5,0.9079360961914062,6,1.8745197057724,7,1.675896406173706,8,2.298184871673584,9,-0.031627826392650604
8625,0,-2.1598172187805176,1,-2.3718271255493164,2,-0.6025505661964417,3,-1.221465826034546,4,1.123993992805481,5,0.7772856950759888,6,-1.3319693803787231,7,0.3487730026245117,8,1.3587766885757446,9,0.0816514790058136
8626,0,-1.6110188961029053,1,-2.6194002628326416,2,-0.9588688015937805,3,-2.599538803100586,4,-1.0889238119125366,5,1.6493593454360962,6,0.8512393236160278,7,-2.192903995513916,8,2.21370267868042,9,2.842348575592041
8627,0,-2.677830934524536,1,-1.08971107006073,2,-1.7700942754745483,3,0.07077648490667343,4,-0.6137849688529968,5,0.28504255414009094,6,-1.526710033416748,7,2.5269806385040283,8,-0.5043490529060364,9,2.165999412536621
8628,0,-1.5808311700820923,1,-1.651186227798462,2,-2.126598834991455,3,-3.0840680599212646,4,-0.6979045271873474,5,-2.3911755084991455,6,1.1217848062515259,7,1.0264497995376587,8,-1.1104340553283691,9,-1.6841213703155518
8629,0,-3.122547149658203,1,-1.3687162399291992,2,-0.7604552507400513,3,-0.12232266366481781,4,-0.7859599590301514,5,0.9124050736427307,6,1.273376226425171,7,0.15014967322349548,8,0.5647963285446167,9,-0.9236598610877991
8630,0,-2.682785749435425,1,-1.131978988647461,2,2.947146415710449,3,2.474708080291748,4,-0.3451797068119049,5,1.8541326522827148,6,2.542962074279785,7,1.5378117561340332,8,0.42319411039352417,9,-0.1965058296918869
8631,0,-2.125159502029419,1,-1.6840367317199707,2,-0.08474703878164291,3,-1.8197838068008423,4,-1.1983215808868408,5,0.7705042958259583,6,2.6254959106445312,7,-0.9368380904197693,8,-0.5947769284248352,9,0.47577959299087524
8632,0,-2.708261251449585,1,-2.720898151397705,2,-2.947916030883789,3,-2.4518399238586426,4,-1.6406996250152588,5,-1.5321255922317505,6,-0.4664454162120819,7,2.902139902114868,8,-0.5745849013328552,9,-2.743981122970581
8633,0,-1.3208597898483276,1,-1.066389799118042,2,-0.243414968252182,3,-2.9823906421661377,4,1.2994533777236938,5,0.8277379870414734,6,-0.01967528648674488,7,0.8768532276153564,8,0.07349004596471786,9,0.23316560685634613
8634,0,-2.3027846813201904,1,-1.7404378652572632,2,-2.977654218673706,3,1.0846333503723145,4,-0.05913759768009186,5,-3.120096206665039,6,-2.5576467514038086,7,2.3160219192504883,8,1.1529959440231323,9,2.631324052810669
8635,0,-1.793652892112732,1,-2.0702097415924072,2,-2.6585168838500977,3,-0.03281477093696594,4,-1.5205389261245728,5,1.3375844955444336,6,0.9877148866653442,7,2.24080228805542,8,2.7551798820495605,9,0.22292058169841766
8636,0,3.1204988956451416,1,-2.792452573776245,2,-1.3560816049575806,3,-2.7060632705688477,4,-1.0789741277694702,5,2.112936496734619,6,0.44015011191368103,7,2.8966524600982666,8,0.7766371369361877,9,1.9563477039337158
8637,0,-1.8619178533554077,1,2.8837673664093018,2,2.0019724369049072,3,0.7733693718910217,4,0.9771337509155273,5,0.6672474145889282,6,2.847707748413086,7,0.3868430554866791,8,1.8368101119995117,9,1.8123692274093628
8638,0,2.6532273292541504,1,-1.9049842357635498,2,-0.2508102059364319,3,-0.757446825504303,4,-2.9975745677948,5,0.7729061245918274,6,1.3187575340270996,7,0.9781021475791931,8,-0.41991785168647766,9,-3.0139760971069336
8639,0,-1.9756590127944946,1,-0.616661012172699,2,-2.8550965785980225,3,2.3146965503692627,4,0.6950203776359558,5,1.8518595695495605,6,2.4719693660736084,7,2.152242660522461,8,2.2774624824523926,9,2.3316924571990967
8640,0,-2.848043203353882,1,-1.0339847803115845,2,-1.1140944957733154,3,-2.3490216732025146,4,-0.6578043699264526,5,-1.3428082466125488,6,-0.7733728289604187,7,0.07624658197164536,8,0.31798607110977173,9,1.6602098941802979
8641,0,-1.7007333040237427,1,-1.7774450778961182,2,-2.028412342071533,3,-1.3966923952102661,4,1.8200911283493042,5,0.9395684003829956,6,-2.454507350921631,7,-1.0475339889526367,8,0.7619181871414185,9,2.42051362991333
8642,0,-2.9151055812835693,1,-2.000497817993164,2,-0.8749650716781616,3,-3.1386635303497314,4,-1.9779689311981201,5,2.406489133834839,6,1.277649998664856,7,-3.023610830307007,8,-0.7630136609077454,9,0.7858830094337463
8643,0,-2.603010892868042,1,-2.6482317447662354,2,0.10452547669410706,3,-2.559678316116333,4,-2.6350367069244385,5,0.7829115986824036,6,-0.3015366494655609,7,-3.1094186305999756,8,-3.077364206314087,9,2.9598495960235596
8644,0,-0.461365282535553,1,-1.827471375465393,2,0.5057547092437744,3,1.310562014579773,4,-0.6200157999992371,5,2.1810035705566406,6,1.5165390968322754,7,3.0014138221740723,8,0.6897844672203064,9,-0.43502044677734375
8645,0,-2.758058547973633,1,-2.9899380207061768,2,-1.144406795501709,3,-1.7665828466415405,4,1.128097653388977,5,1.4589862823486328,6,2.5158536434173584,7,1.0722925662994385,8,0.7898576855659485,9,2.4841654300689697
8646,0,-1.1133359670639038,1,-0.3825835883617401,2,1.4907153844833374,3,2.2477331161499023,4,0.20299306511878967,5,1.4267630577087402,6,2.5621213912963867,7,2.969425678253174,8,2.6495091915130615,9,2.2688846588134766
8647,0,-2.3077852725982666,1,2.2230725288391113,2,-1.1959410905838013,3,2.3783771991729736,4,-0.19367636740207672,5,-3.0904369354248047,6,2.7952613830566406,7,2.131695032119751,8,0.15363401174545288,9,1.554636001586914
8648,0,-2.8565711975097656,1,-2.755553960800171,2,0.13418352603912354,3,-1.7729411125183105,4,-1.5441056489944458,5,0.8833943009376526,6,2.721097469329834,7,2.9983341693878174,8,0.2915523946285248,9,2.702986478805542
8649,0,-1.8124339580535889,1,-2.8530144691467285,2,2.9358365535736084,3,-0.4162890315055847,4,-1.5477371215820312,5,-1.346669316291809,6,-0.5742095112800598,7,-0.2436022162437439,8,0.3997099697589874,9,0.48726969957351685
8650,0,-2.09879207611084,1,-1.340187430381775,2,-2.4388821125030518,3,0.9723538756370544,4,-0.028129765763878822,5,-2.9612820148468018,6,-0.25594669580459595,7,0.6302382946014404,8,2.531714916229248,9,-0.05098063126206398
8651,0,-2.9129068851470947,1,2.290205955505371,2,-2.7437055110931396,3,-2.977210521697998,4,-1.1329699754714966,5,2.6560568809509277,6,1.4854477643966675,7,0.06552073359489441,8,0.8176679611206055,9,-2.8296616077423096
8652,0,-2.785841464996338,1,-3.12827730178833,2,2.8238277435302734,3,-2.5551767349243164,4,1.6026270389556885,5,0.3118157684803009,6,2.1688380241394043,7,2.506260395050049,8,-2.4310054779052734,9,1.9135187864303589
8653,0,-2.7607274055480957,1,-2.5730628967285156,2,-0.9741308093070984,3,-2.6922171115875244,4,2.5935704708099365,5,0.7326439023017883,6,2.386702299118042,7,-2.0630202293395996,8,0.6605549454689026,9,-0.7115949392318726
8654,0,-2.4991090297698975,1,-2.1560893058776855,2,-1.6730049848556519,3,-0.2413528859615326,4,1.0653718709945679,5,1.1941933631896973,6,2.584742784500122,7,0.5405049324035645,8,1.1857420206069946,9,2.59179425239563
8655,0,-2.8040919303894043,1,-1.454468011856079,2,2.523747444152832,3,-0.018368259072303772,4,2.5761547088623047,5,0.6140457987785339,6,2.0825133323669434,7,1.531174659729004,8,-0.971983015537262,9,2.2281782627105713
8656,0,-1.819295883178711,1,-2.395397901535034,2,-2.5837202072143555,3,1.0979505777359009,4,3.0769572257995605,5,-0.7515154480934143,6,1.9730539321899414,7,2.2283875942230225,8,0.15381641685962677,9,2.102336883544922
8657,0,-2.5156991481781006,1,-1.6021533012390137,2,-1.4280990362167358,3,-0.22442014515399933,4,0.2746488153934479,5,1.8446860313415527,6,2.2079014778137207,7,2.171267032623291,8,2.535637617111206,9,1.8510487079620361
8658,0,-1.7247365713119507,1,0.2584497034549713,2,-1.6183810234069824,3,-2.693382978439331,4,-0.7680890560150146,5,2.7265431880950928,6,-2.640688180923462,7,0.3737448751926422,8,0.11845088005065918,9,2.1531128883361816
8659,0,-1.4805281162261963,1,-1.5684597492218018,2,0.9709311127662659,3,-0.9626128673553467,4,-2.377357244491577,5,0.4268040060997009,6,0.02707127295434475,7,2.440141201019287,8,0.4122261106967926,9,2.1419010162353516
8660,0,-2.8483448028564453,1,-2.502479076385498,2,-0.39706388115882874,3,-1.068879246711731,4,-0.20111213624477386,5,1.514416217803955,6,0.6929970979690552,7,0.49334263801574707,8,1.4243088960647583,9,2.372248888015747
8661,0,-1.9284641742706299,1,-0.8052594065666199,2,-1.0503889322280884,3,2.765336275100708,4,-1.0477161407470703,5,2.1455800533294678,6,2.9662318229675293,7,1.626258373260498,8,2.9003124237060547,9,1.4185676574707031
8662,0,-2.2969233989715576,1,-2.7867658138275146,2,0.9146010279655457,3,-2.2072465419769287,4,-2.5522022247314453,5,1.409290075302124,6,-0.13503660261631012,7,2.3596410751342773,8,3.0526680946350098,9,0.7435280680656433
8663,0,-2.3304390907287598,1,-1.1981520652770996,2,-1.689928412437439,3,1.0216792821884155,4,-0.24253183603286743,5,0.724712610244751,6,-0.5372538566589355,7,2.0657191276550293,8,-3.041210651397705,9,2.611145496368408
8664,0,-2.3598861694335938,1,-0.297768771648407,2,-1.543121099472046,3,1.4539519548416138,4,-1.01334810256958,5,2.6798095703125,6,0.9017309546470642,7,0.36369743943214417,8,2.0584516525268555,9,-0.27397191524505615
8665,0,-2.500662326812744,1,-1.21162748336792,2,-1.478021502494812,3,-0.8458091020584106,4,-2.7192792892456055,5,-2.6365864276885986,6,-0.880549430847168,7,-0.08731072396039963,8,0.44511425495147705,9,0.9010121822357178
8666,0,-0.8903794288635254,1,-1.674775242805481,2,-1.7544009685516357,3,1.1181344985961914,4,-0.3834739923477173,5,-0.5903196334838867,6,-0.07234031707048416,7,2.2745511531829834,8,-0.8383516073226929,9,0.42254382371902466
8667,0,-1.5856395959854126,1,-1.3040237426757812,2,-1.9474080801010132,3,2.5146379470825195,4,1.4885762929916382,5,1.0693581104278564,6,-2.971708059310913,7,-0.0011709650279954076,8,0.9918366074562073,9,1.8050360679626465
8668,0,-2.3774397373199463,1,-1.3453707695007324,2,-0.6273090243339539,3,-0.4698907136917114,4,-0.9557533264160156,5,1.046878457069397,6,2.473851442337036,7,-0.22214089334011078,8,0.7565121650695801,9,-0.9395343065261841
8669,0,-2.472829580307007,1,-2.2648773193359375,2,-2.083829164505005,3,2.004910469055176,4,-2.26615047454834,5,-2.402505397796631,6,3.0272598266601562,7,2.1962242126464844,8,1.9786009788513184,9,1.3293536901474
8670,0,-2.869964122772217,1,-2.0033621788024902,2,-2.636650323867798,3,-1.0269612073898315,4,3.0952131748199463,5,0.6600693464279175,6,0.573088526725769,7,-0.24043609201908112,8,1.7782062292099,9,2.032867193222046
8671,0,-2.4042763710021973,1,-2.2278025150299072,2,3.1397054195404053,3,-1.539104700088501,4,-2.1354730129241943,5,0.9251857399940491,6,0.2518494129180908,7,2.80059552192688,8,1.418134093284607,9,0.005689472891390324
8672,0,-1.2665393352508545,1,-1.5301768779754639,2,-2.193763017654419,3,3.068376302719116,4,-0.6760234236717224,5,2.2258636951446533,6,-1.6615722179412842,7,0.21372078359127045,8,2.319498062133789,9,2.3644776344299316
8673,0,-1.8589781522750854,1,-2.0952608585357666,2,-2.8815042972564697,3,0.06284421682357788,4,2.5569331645965576,5,2.553219795227051,6,-3.0945122241973877,7,1.9403880834579468,8,3.0926647186279297,9,-0.7164610624313354
8674,0,-2.643012046813965,1,-1.086288332939148,2,-2.503767967224121,3,2.9198949337005615,4,-1.1968026161193848,5,1.3782397508621216,6,-2.177793502807617,7,1.2188678979873657,8,3.117081880569458,9,0.7445750832557678
8675,0,-2.7771613597869873,1,-1.1314891576766968,2,-1.6326770782470703,3,-1.2588578462600708,4,-0.7694828510284424,5,1.0058351755142212,6,1.96286940574646,7,-1.4650903940200806,8,0.5682058930397034,9,-1.160513162612915
8676,0,-2.0339503288269043,1,-1.1727395057678223,2,1.0808207988739014,3,-3.1168808937072754,4,0.3951345682144165,5,2.9126694202423096,6,0.6715959310531616,7,2.8584840297698975,8,-2.781076669692993,9,0.6679641604423523
8677,0,-1.9252901077270508,1,-0.8771902918815613,2,2.7616679668426514,3,0.9795423746109009,4,-0.21065546572208405,5,2.1678977012634277,6,1.7220619916915894,7,0.32546553015708923,8,2.0908350944519043,9,1.704676866531372
8678,0,-1.8971705436706543,1,-3.123806953430176,2,-1.635093092918396,3,-0.46452510356903076,4,0.13247206807136536,5,0.3059518039226532,6,1.4446067810058594,7,0.48818257451057434,8,-0.13796842098236084,9,0.7920546531677246
8679,0,-2.997272491455078,1,-1.0049874782562256,2,-2.063608169555664,3,-0.6947147250175476,4,-2.1784050464630127,5,2.4902706146240234,6,0.9696200489997864,7,-0.2041493058204651,8,-0.11632580310106277,9,-2.7945802211761475
8680,0,-2.1393678188323975,1,-1.1158432960510254,2,-2.341026544570923,3,-0.6220983266830444,4,1.4732165336608887,5,-2.219329357147217,6,2.489375591278076,7,2.9196722507476807,8,0.7321504354476929,9,2.0836668014526367
8681,0,-1.900385856628418,1,-1.3315352201461792,2,-1.3825032711029053,3,0.8123546242713928,4,2.4091851711273193,5,-1.2408868074417114,6,0.32865768671035767,7,1.8504809141159058,8,2.5287628173828125,9,2.5792112350463867
8682,0,-2.6167619228363037,1,-1.0271377563476562,2,-0.8034654259681702,3,2.910909652709961,4,0.5939719080924988,5,2.565117597579956,6,0.03693276271224022,7,0.272507905960083,8,-0.0808052197098732,9,2.3995814323425293
8683,0,0.42267847061157227,1,-1.2878323793411255,2,2.5987308025360107,3,1.3091137409210205,4,0.7092596292495728,5,2.750368595123291,6,1.122404932975769,7,1.783773422241211,8,0.29986512660980225,9,0.10480138659477234
8684,0,-2.8059494495391846,1,-2.3691678047180176,2,-0.8643367290496826,3,-2.4832239151000977,4,1.0362529754638672,5,0.5121963024139404,6,-0.22353871166706085,7,2.8078548908233643,8,1.465228796005249,9,3.0054047107696533
8685,0,2.345080852508545,1,-1.6335468292236328,2,-1.4263697862625122,3,1.0524648427963257,4,-2.9177567958831787,5,2.86599063873291,6,2.6784775257110596,7,0.6492477059364319,8,2.372567892074585,9,1.9194941520690918
8686,0,-1.6062318086624146,1,-0.5787625908851624,2,1.1879851818084717,3,-1.1489399671554565,4,0.06191318854689598,5,2.899885654449463,6,0.7306915521621704,7,-0.4461422264575958,8,1.0905449390411377,9,2.815537691116333
8687,0,-2.67034649848938,1,-1.8451732397079468,2,-1.6541506052017212,3,-0.47548460960388184,4,-3.133878707885742,5,1.3653160333633423,6,-0.14512933790683746,7,2.696042776107788,8,-1.043548822402954,9,0.0852302610874176
8688,0,-2.7421844005584717,1,-1.7556928396224976,2,-2.1540772914886475,3,-2.0169785022735596,4,-1.7706862688064575,5,-0.9174427390098572,6,2.3653292655944824,7,1.909591794013977,8,-0.04115584120154381,9,-2.6882314682006836
8689,0,-2.7496354579925537,1,-2.4642632007598877,2,-0.3261662721633911,3,-0.4122546911239624,4,-2.4832823276519775,5,1.3168736696243286,6,0.2788234055042267,7,2.3603391647338867,8,1.2828006744384766,9,-2.890615463256836
8690,0,-1.1895663738250732,1,-2.083371877670288,2,2.872267246246338,3,-0.26223331689834595,4,-0.5426118969917297,5,2.7341506481170654,6,2.2626559734344482,7,2.505248546600342,8,2.960204601287842,9,2.8222997188568115
8691,0,-2.9372169971466064,1,-2.5374372005462646,2,-1.445754051208496,3,-1.7601492404937744,4,0.7323501706123352,5,2.9031877517700195,6,2.6654441356658936,7,-0.8897364139556885,8,1.0404489040374756,9,2.4119040966033936
8692,0,-2.478180408477783,1,-1.9310060739517212,2,-2.0642495155334473,3,-0.5484551787376404,4,-1.6562167406082153,5,0.979996383190155,6,1.321900486946106,7,2.229581594467163,8,-0.05483357608318329,9,2.965979814529419
8693,0,-2.98321795463562,1,-2.2871437072753906,2,-1.0277577638626099,3,1.384810447692871,4,0.28517231345176697,5,-0.24360443651676178,6,2.56396222114563,7,1.9151207208633423,8,1.6861310005187988,9,2.154799222946167
8694,0,-1.9116942882537842,1,-2.879629373550415,2,-2.8398642539978027,3,2.3509891033172607,4,-0.03384049981832504,5,0.07254033535718918,6,0.11677664518356323,7,1.7295184135437012,8,-1.999667763710022,9,1.6789506673812866
8695,0,2.999760866165161,1,-1.585505485534668,2,-2.857142210006714,3,2.27458119392395,4,-1.5693167448043823,5,1.8394337892532349,6,-1.6626875400543213,7,1.4292986392974854,8,0.22768418490886688,9,1.5177574157714844
8696,0,-2.5815489292144775,1,-2.9577112197875977,2,1.0363367795944214,3,-1.7533801794052124,4,0.3425562381744385,5,-0.45040735602378845,6,2.3210690021514893,7,-0.7874121069908142,8,1.5730526447296143,9,1.9396454095840454
8697,0,-1.2738035917282104,1,-0.059769146144390106,2,-2.787950277328491,3,0.9083040952682495,4,1.0990025997161865,5,1.7141153812408447,6,0.9629973769187927,7,2.214365243911743,8,1.2665084600448608,9,-0.31626954674720764
8698,0,-2.3768272399902344,1,0.6265837550163269,2,0.8187775015830994,3,0.281126469373703,4,0.3842162489891052,5,2.1389145851135254,6,0.8648374676704407,7,0.1966424435377121,8,-0.7143807411193848,9,0.29033517837524414
8699,0,-1.9643641710281372,1,-1.202775001525879,2,1.0500990152359009,3,-1.3498804569244385,4,0.13643936812877655,5,1.5605930089950562,6,2.164368152618408,7,-0.5558160543441772,8,-3.05369234085083,9,1.583436369895935
8700,0,-1.0995739698410034,1,1.15937340259552,2,-0.13920916616916656,3,0.4535745084285736,4,2.7490181922912598,5,1.530680537223816,6,2.8900718688964844,7,0.9668518900871277,8,0.5024227499961853,9,2.013796091079712
8701,0,-2.705658435821533,1,-2.3333799839019775,2,-1.9767353534698486,3,0.9317066073417664,4,-0.7988734245300293,5,0.4804995059967041,6,2.6573259830474854,7,1.0909931659698486,8,0.19808487594127655,9,2.204576015472412
8702,0,-2.5476624965667725,1,-1.210633635520935,2,-1.7825103998184204,3,-0.6397547721862793,4,2.962006092071533,5,1.9896705150604248,6,-0.22639362514019012,7,2.2558531761169434,8,0.27366161346435547,9,1.7062695026397705
8703,0,-2.7610950469970703,1,-0.06745431572198868,2,0.06648749858140945,3,1.1157848834991455,4,2.262216567993164,5,-1.506576657295227,6,1.977259874343872,7,0.8700861930847168,8,-1.0399301052093506,9,2.1488335132598877
8704,0,-0.7754717469215393,1,-2.3829901218414307,2,-1.7434526681900024,3,-0.8761336803436279,4,1.2614449262619019,5,0.19239301979541779,6,2.150275945663452,7,1.6695518493652344,8,1.5747705698013306,9,0.7225264310836792
8705,0,-1.4895163774490356,1,-0.91865074634552,2,-1.2429429292678833,3,-2.4958510398864746,4,1.0338345766067505,5,0.5124155879020691,6,2.379275321960449,7,0.04603322222828865,8,1.1935725212097168,9,0.8754681944847107
8706,0,-2.729741096496582,1,-1.3407775163650513,2,-2.980623722076416,3,-0.9379973411560059,4,1.5663607120513916,5,0.26912978291511536,6,0.17553889751434326,7,-0.25161832571029663,8,2.2568447589874268,9,2.955315351486206
8707,0,-2.2622358798980713,1,-2.476255178451538,2,-0.4675332009792328,3,-2.6889607906341553,4,-0.4041418433189392,5,1.1549381017684937,6,1.1901153326034546,7,2.2934372425079346,8,0.04175476357340813,9,0.6498922109603882
8708,0,-2.885366678237915,1,-2.4871230125427246,2,-0.3717830181121826,3,-0.9341843128204346,4,-2.604243516921997,5,-1.2004668712615967,6,1.073272705078125,7,-0.15619564056396484,8,0.23858776688575745,9,0.868350088596344
8709,0,-1.044581651687622,1,-0.763905942440033,2,2.8436076641082764,3,-2.9309446811676025,4,0.5521754622459412,5,1.949782133102417,6,3.0635452270507812,7,0.44518381357192993,8,0.1057671308517456,9,-0.13817690312862396
8710,0,-2.6756300926208496,1,-2.7394096851348877,2,-1.0096040964126587,3,-0.8425092697143555,4,-0.16028335690498352,5,-0.12219373881816864,6,0.8449684381484985,7,-0.43787363171577454,8,1.351759672164917,9,2.6752867698669434
8711,0,-1.6254162788391113,1,-2.26470685005188,2,-1.9199855327606201,3,1.0058449506759644,4,-3.044916868209839,5,-1.2034403085708618,6,-0.9660007357597351,7,1.2481679916381836,8,0.24453331530094147,9,0.9742236137390137
8712,0,-2.5367825031280518,1,-0.6058460474014282,2,1.0996713638305664,3,0.7376262545585632,4,0.7689800262451172,5,-0.07426867634057999,6,1.058701515197754,7,2.3155159950256348,8,-0.7990933656692505,9,0.5586453080177307
8713,0,-2.4861714839935303,1,-3.0317726135253906,2,-1.9017701148986816,3,-1.142624855041504,4,0.003140445100143552,5,-2.835662603378296,6,2.5385477542877197,7,3.0655813217163086,8,-1.0451785326004028,9,1.8073805570602417
8714,0,-1.7888191938400269,1,-1.328000545501709,2,-0.7897439002990723,3,-1.112267255783081,4,2.8712000846862793,5,0.021831201389431953,6,1.8838294744491577,7,1.0567874908447266,8,0.47348129749298096,9,1.5867946147918701
8715,0,-2.8223767280578613,1,0.20302559435367584,2,2.190727710723877,3,0.38415762782096863,4,0.9009261727333069,5,1.6361116170883179,6,0.3922756612300873,7,0.07366511970758438,8,-1.3334076404571533,9,0.7527865171432495
8716,0,-2.365360736846924,1,-2.1726274490356445,2,-0.41389039158821106,3,1.29207444190979,4,0.2354072630405426,5,1.7853912115097046,6,-0.9062643051147461,7,2.2823143005371094,8,0.6737854480743408,9,0.5944051146507263
8717,0,-2.385817050933838,1,-2.0388598442077637,2,-2.8541390895843506,3,-1.9696431159973145,4,-1.3866822719573975,5,-1.3342665433883667,6,-1.369334101676941,7,-0.3450280725955963,8,1.8060222864151,9,-0.7164442539215088
8718,0,-1.617823600769043,1,-0.1235903948545456,2,-1.045945405960083,3,0.22635409235954285,4,0.20722846686840057,5,2.1013410091400146,6,2.2189598083496094,7,1.8132455348968506,8,2.656667709350586,9,2.3586134910583496
8719,0,-2.7545158863067627,1,-2.7196316719055176,2,-2.1026623249053955,3,-1.1306864023208618,4,1.168797492980957,5,-2.0288243293762207,6,0.2632916569709778,7,0.7637116312980652,8,-1.2048174142837524,9,0.5242737531661987
8720,0,-2.026318073272705,1,-0.5763509273529053,2,2.808688163757324,3,3.064728021621704,4,-1.1415807008743286,5,1.358460545539856,6,1.7235054969787598,7,2.778332233428955,8,2.246506690979004,9,-1.2168283462524414
8721,0,-2.4119153022766113,1,-2.944558620452881,2,1.7889436483383179,3,0.5863821506500244,4,-2.447282552719116,5,1.9397706985473633,6,0.6217312812805176,7,1.748621940612793,8,1.7230777740478516,9,-0.8528207540512085
8722,0,3.1108670234680176,1,-1.614295244216919,2,-2.8875999450683594,3,-2.16123628616333,4,2.831944227218628,5,-2.2713565826416016,6,-1.8702512979507446,7,-0.10316594690084457,8,0.8796970844268799,9,3.0203893184661865
8723,0,-2.331094980239868,1,-2.662415027618408,2,-2.60326886177063,3,-2.9464497566223145,4,-2.564018964767456,5,0.9994131326675415,6,-0.1081366017460823,7,1.5359489917755127,8,1.9013712406158447,9,3.0728442668914795
8724,0,-2.963221549987793,1,-0.7010512948036194,2,-1.5161638259887695,3,3.093954563140869,4,1.0634278059005737,5,-0.21121865510940552,6,-3.044525146484375,7,1.3565155267715454,8,1.5412355661392212,9,1.0361460447311401
8725,0,-0.9028847813606262,1,1.0744121074676514,2,0.6662946939468384,3,0.10844039916992188,4,2.672353506088257,5,2.4363901615142822,6,0.6599962115287781,7,0.5044376850128174,8,0.9785389304161072,9,0.17175400257110596
8726,0,-0.1962052583694458,1,-2.3720595836639404,2,-0.7973275780677795,3,-0.9718891382217407,4,-1.638688325881958,5,0.6072719097137451,6,0.3675830066204071,7,0.3089325726032257,8,0.85699862241745,9,-1.611317753791809
8727,0,-2.209423542022705,1,1.3192251920700073,2,0.09804638475179672,3,0.21315136551856995,4,-0.09540728479623795,5,2.6146295070648193,6,0.16986283659934998,7,1.9108762741088867,8,1.7966902256011963,9,0.33547288179397583
8728,0,-0.6163739562034607,1,-1.5417143106460571,2,-2.9173922538757324,3,0.8107377886772156,4,-0.6128470301628113,5,-0.2360677719116211,6,1.539462685585022,7,2.5823938846588135,8,1.9165091514587402,9,-0.33417120575904846
8729,0,-2.8930680751800537,1,-1.263352870941162,2,-1.6001237630844116,3,-0.8808920979499817,4,-2.041163921356201,5,2.5826144218444824,6,2.4044010639190674,7,1.8808844089508057,8,1.6810611486434937,9,0.8106451630592346
8730,0,-2.0587503910064697,1,-2.47638201713562,2,1.1957356929779053,3,-0.3651582896709442,4,1.6884424686431885,5,0.6618014574050903,6,0.28236961364746094,7,2.3852617740631104,8,-0.03767823427915573,9,1.914924144744873
8731,0,-2.3233582973480225,1,-1.6633286476135254,2,-1.7653985023498535,3,1.1521341800689697,4,2.245913028717041,5,0.5913835763931274,6,0.9201256036758423,7,0.22602121531963348,8,0.6647221446037292,9,3.0161750316619873
8732,0,-2.0017995834350586,1,-1.4404715299606323,2,-0.5093361139297485,3,1.3078750371932983,4,-1.3928101062774658,5,0.6488497257232666,6,0.5963556170463562,7,1.3443816900253296,8,0.13759960234165192,9,-0.2273750901222229
8733,0,-2.9283077716827393,1,-0.41667699813842773,2,1.0727304220199585,3,-1.1304254531860352,4,-2.8244073390960693,5,0.1324748396873474,6,1.5616949796676636,7,2.0950684547424316,8,0.009256849065423012,9,1.4177420139312744
8734,0,-1.583327293395996,1,-0.3505600094795227,2,0.9790242910385132,3,2.959320068359375,4,-0.08316338062286377,5,2.8558590412139893,6,0.019664021208882332,7,2.0208041667938232,8,2.697005271911621,9,2.3330862522125244
8735,0,-1.7530609369277954,1,3.06192684173584,2,-2.3176681995391846,3,0.904690682888031,4,0.19959032535552979,5,0.16730429232120514,6,0.02859233133494854,7,2.6182737350463867,8,0.7017508745193481,9,0.11330370604991913
8736,0,-2.683588981628418,1,-2.103048324584961,2,1.0085431337356567,3,2.809849739074707,4,2.967926263809204,5,1.4078387022018433,6,1.3200116157531738,7,2.2165884971618652,8,-1.2984592914581299,9,-0.9283713698387146
8737,0,-2.9100420475006104,1,-1.3888508081436157,2,1.4954235553741455,3,-1.848960518836975,4,-0.36529451608657837,5,0.76877361536026,6,0.6515856981277466,7,2.9489407539367676,8,0.03347183018922806,9,-0.3527372479438782
8738,0,-2.4670348167419434,1,-1.8027756214141846,2,-0.6908509731292725,3,-0.22290800511837006,4,-1.9014942646026611,5,0.16196656227111816,6,0.27441680431365967,7,1.2964388132095337,8,1.250083565711975,9,-0.36843082308769226
8739,0,-1.9205235242843628,1,-1.2499860525131226,2,0.3443162441253662,3,1.0583690404891968,4,-0.1451001614332199,5,0.3430368900299072,6,1.7770202159881592,7,0.5487968325614929,8,2.435736656188965,9,1.9046313762664795
8740,0,-2.6862590312957764,1,-0.6022312641143799,2,-2.0546584129333496,3,1.889702558517456,4,-1.4799734354019165,5,1.3044466972351074,6,-0.16642071306705475,7,0.7932259440422058,8,-0.18615193665027618,9,-0.17173251509666443
8741,0,-2.597198963165283,1,-1.967545747756958,2,3.099475145339966,3,1.2386090755462646,4,2.843440294265747,5,3.012239456176758,6,0.7171356081962585,7,1.6021896600723267,8,2.1379544734954834,9,0.2020660936832428
8742,0,-1.3884133100509644,1,0.6304739117622375,2,-0.35060420632362366,3,1.1901803016662598,4,2.799945116043091,5,-0.24556587636470795,6,2.8599839210510254,7,1.5013954639434814,8,-0.0871121734380722,9,3.0256009101867676
8743,0,-1.6840920448303223,1,-2.842613697052002,2,-2.9316813945770264,3,-1.903069019317627,4,-0.0024929391220211983,5,-2.0631966590881348,6,2.8636231422424316,7,1.7529280185699463,8,-0.8192436099052429,9,0.73399817943573
8744,0,-1.778852939605713,1,-1.1486588716506958,2,-2.4271206855773926,3,0.31152769923210144,4,-3.1072354316711426,5,1.8375327587127686,6,-1.8487036228179932,7,1.9478296041488647,8,1.679599642753601,9,-0.02615453116595745
8745,0,-1.901200294494629,1,-1.9235903024673462,2,-0.972226083278656,3,-3.07319712638855,4,0.7922006845474243,5,1.6119115352630615,6,-2.9891841411590576,7,2.586792230606079,8,-1.1599119901657104,9,0.5402772426605225
8746,0,-2.424253463745117,1,-2.462815999984741,2,1.701507568359375,3,-0.47031882405281067,4,2.570188045501709,5,2.6610052585601807,6,2.364985942840576,7,-0.8693954348564148,8,-0.8132655620574951,9,2.33921217918396
8747,0,-2.9261834621429443,1,-2.8278841972351074,2,-1.6587862968444824,3,0.1090463250875473,4,0.27817270159721375,5,1.9172595739364624,6,1.0364141464233398,7,1.4297294616699219,8,0.2664320170879364,9,0.1166740134358406
8748,0,-1.019317388534546,1,-2.9237427711486816,2,-2.1989076137542725,3,0.48142921924591064,4,0.20277707278728485,5,2.4930636882781982,6,-0.1807476431131363,7,0.7301648855209351,8,2.910294532775879,9,2.74645733833313
8749,0,-2.520782709121704,1,-2.7532970905303955,2,3.0076470375061035,3,-0.6681694388389587,4,2.6112418174743652,5,-0.6175540685653687,6,2.086120128631592,7,1.42176353931427,8,0.1248025894165039,9,2.798992872238159
8750,0,-2.7766568660736084,1,-0.5507978200912476,2,2.9229230880737305,3,0.7348263263702393,4,1.80935537815094,5,-0.8631553053855896,6,0.23637160658836365,7,2.0607876777648926,8,2.266688585281372,9,2.346818208694458
8751,0,-2.7869768142700195,1,-1.5597091913223267,2,-1.3617359399795532,3,2.326472759246826,4,-2.6299540996551514,5,2.0026021003723145,6,1.8437931537628174,7,2.2940094470977783,8,2.702941417694092,9,2.5268361568450928
8752,0,-2.4621245861053467,1,-1.093320369720459,2,-1.738749623298645,3,2.5438520908355713,4,1.4987932443618774,5,2.1784112453460693,6,1.7027631998062134,7,0.8345566391944885,8,-2.80800199508667,9,1.484198808670044
8753,0,-2.0602927207946777,1,-1.1842881441116333,2,-2.588918924331665,3,-2.1434738636016846,4,0.9243912696838379,5,-1.9765208959579468,6,3.095400810241699,7,1.5191988945007324,8,-2.811161518096924,9,0.2357221394777298
8754,0,3.1324586868286133,1,3.0491068363189697,2,-2.9593284130096436,3,-0.23791739344596863,4,2.12054443359375,5,1.2661728858947754,6,0.10658964514732361,7,2.9680681228637695,8,1.3359891176223755,9,2.3713998794555664
8755,0,-0.9401323795318604,1,2.9741294384002686,2,0.8326650857925415,3,-1.5558072328567505,4,-0.4708782434463501,5,1.7285847663879395,6,2.307957172393799,7,-0.470904678106308,8,2.364276647567749,9,2.1983695030212402
8756,0,-2.5268702507019043,1,-1.5224266052246094,2,3.0854873657226562,3,-2.8471438884735107,4,0.9818113446235657,5,1.4982725381851196,6,-0.18471850454807281,7,1.6844388246536255,8,1.1057155132293701,9,0.21924562752246857
8757,0,0.03558051213622093,1,2.656203031539917,2,-1.501969337463379,3,0.1300075650215149,4,2.3457086086273193,5,1.8377043008804321,6,-1.2956348657608032,7,2.016892194747925,8,1.5673631429672241,9,2.501457452774048
8758,0,-2.6207668781280518,1,-2.0052523612976074,2,-2.5671579837799072,3,2.6170501708984375,4,1.0504885911941528,5,1.2810369729995728,6,-2.6536152362823486,7,1.8801125288009644,8,2.392221212387085,9,1.8350545167922974
8759,0,-2.2619194984436035,1,-1.8893427848815918,2,-3.068249464035034,3,-1.978019118309021,4,-1.8420947790145874,5,2.8766732215881348,6,0.16001290082931519,7,-2.8842697143554688,8,1.1840239763259888,9,-1.1643732786178589
8760,0,-0.7525227069854736,1,2.8716726303100586,2,-1.664612054824829,3,2.855346918106079,4,1.26727294921875,5,1.1802408695220947,6,-2.022984504699707,7,2.363210916519165,8,1.594760537147522,9,-0.8219131827354431
8761,0,-2.5670926570892334,1,-2.0962867736816406,2,-1.7742531299591064,3,-2.894099473953247,4,-2.5088088512420654,5,2.662773609161377,6,-1.2451270818710327,7,1.81471586227417,8,0.23003308475017548,9,-0.9135213494300842
8762,0,-1.9672913551330566,1,-2.931612730026245,2,-0.761512279510498,3,-1.6647456884384155,4,-1.890243649482727,5,0.7798601984977722,6,2.0282881259918213,7,0.9773278832435608,8,-0.892191469669342,9,0.6033819913864136
8763,0,-1.981930136680603,1,-2.1037659645080566,2,-0.4894215762615204,3,-0.7049030661582947,4,-2.261585235595703,5,2.392094612121582,6,0.1868276596069336,7,-0.2608725428581238,8,1.626531720161438,9,2.9430928230285645
8764,0,-2.643763542175293,1,-2.9627106189727783,2,2.899343490600586,3,-0.20904874801635742,4,-0.8337860703468323,5,-0.6782551407814026,6,1.3562445640563965,7,-2.177299737930298,8,2.123579978942871,9,1.104909062385559
8765,0,-2.7666332721710205,1,-2.541609764099121,2,-1.4545913934707642,3,0.8425915837287903,4,0.7999817728996277,5,0.2045595645904541,6,-1.327815294265747,7,-0.24412083625793457,8,0.09248144924640656,9,2.2016139030456543
8766,0,-1.7812310457229614,1,-2.643419027328491,2,-2.78092098236084,3,-1.7855123281478882,4,-1.2460975646972656,5,-2.2225208282470703,6,-2.6452085971832275,7,0.6729094982147217,8,2.151430130004883,9,-0.8948289752006531
8767,0,-2.2107584476470947,1,-3.0086095333099365,2,-2.9205915927886963,3,-0.4682424068450928,4,1.0497905015945435,5,-0.08428309112787247,6,2.259758234024048,7,0.7629039287567139,8,2.0779247283935547,9,2.5053141117095947
8768,0,-2.516155958175659,1,-2.058399200439453,2,-2.652034282684326,3,-0.3539170026779175,4,-0.8829537034034729,5,-1.2900773286819458,6,-0.73635333776474,7,2.357748508453369,8,1.7971047163009644,9,-1.2665905952453613
8769,0,-1.7932093143463135,1,-2.2288663387298584,2,-0.4326840341091156,3,-0.3622662425041199,4,2.9000449180603027,5,0.5599479079246521,6,1.9593795537948608,7,0.7647020220756531,8,1.3339323997497559,9,1.9682896137237549
8770,0,-2.5291190147399902,1,2.8469557762145996,2,-1.6631536483764648,3,1.1091339588165283,4,-0.017558319494128227,5,-1.083457589149475,6,1.2315346002578735,7,0.8952318429946899,8,1.8121565580368042,9,2.8050780296325684
8771,0,-2.4404444694519043,1,3.1290698051452637,2,1.055281162261963,3,-0.37540310621261597,4,0.21571403741836548,5,2.176847457885742,6,-0.8439468145370483,7,0.47982847690582275,8,1.962942361831665,9,1.8819516897201538
8772,0,-2.2908976078033447,1,-0.37529125809669495,2,-0.7474045753479004,3,-0.9871165752410889,4,1.0249425172805786,5,3.0245299339294434,6,0.29380127787590027,7,2.6897130012512207,8,2.3779449462890625,9,2.900587797164917
8773,0,-2.1041290760040283,1,-0.5876498222351074,2,-2.6932742595672607,3,1.9266995191574097,4,-0.44858479499816895,5,2.3065006732940674,6,-1.2134647369384766,7,2.774470806121826,8,0.6746789813041687,9,2.607191324234009
8774,0,-2.795823097229004,1,-2.5178298950195312,2,-1.4708184003829956,3,2.517737865447998,4,0.8010894656181335,5,1.4044908285140991,6,0.8192738890647888,7,2.179659366607666,8,0.15542417764663696,9,2.5596537590026855
8775,0,-3.0016262531280518,1,-1.402330756187439,2,-1.219491720199585,3,-3.05037522315979,4,1.487360954284668,5,1.2555502653121948,6,0.12163503468036652,7,0.44939184188842773,8,0.265831857919693,9,2.397803783416748
8776,0,-3.0648422241210938,1,-0.3252192437648773,2,-1.5966598987579346,3,1.3560711145401,4,-1.5509986877441406,5,-2.915386199951172,6,-1.1329288482666016,7,0.4675040543079376,8,0.4063984453678131,9,-0.9784040451049805
8777,0,-1.4297544956207275,1,-2.5055885314941406,2,-1.3046280145645142,3,-1.2081592082977295,4,-1.3189094066619873,5,2.806790590286255,6,1.4533958435058594,7,2.2208404541015625,8,1.5673952102661133,9,1.0879660844802856
8778,0,-2.873795747756958,1,-0.6850518584251404,2,-0.7278237342834473,3,3.1245415210723877,4,-0.8396875262260437,5,0.22633476555347443,6,1.5313493013381958,7,-0.17247454822063446,8,2.394326686859131,9,1.337606430053711
8779,0,-2.143784523010254,1,-2.4875705242156982,2,-2.8105897903442383,3,-0.3038763105869293,4,-0.3288378119468689,5,-0.8968664407730103,6,0.019486557692289352,7,-0.9717898368835449,8,1.608778715133667,9,1.1910185813903809
8780,0,-1.3466099500656128,1,-0.5409207344055176,2,-2.4038822650909424,3,3.013779878616333,4,-0.2041902095079422,5,0.23346437513828278,6,-0.5656366348266602,7,1.9869574308395386,8,0.40293142199516296,9,2.7328972816467285
8781,0,-2.558208703994751,1,-1.6003764867782593,2,-1.6301095485687256,3,-0.19437986612319946,4,-1.72830069065094,5,-0.8125005960464478,6,1.1255525350570679,7,0.24358481168746948,8,2.6026124954223633,9,-0.12772022187709808
8782,0,-2.20817232131958,1,-1.2294214963912964,2,-2.8018336296081543,3,2.241459608078003,4,0.24217890202999115,5,0.2621304988861084,6,1.7920832633972168,7,2.143501043319702,8,0.2872113585472107,9,0.6761608123779297
8783,0,-1.178267478942871,1,-1.0969520807266235,2,-1.406685709953308,3,-0.7096946239471436,4,2.5225484371185303,5,1.8219239711761475,6,0.9394490122795105,7,2.1730549335479736,8,0.3998904228210449,9,2.2158007621765137
8784,0,1.179417371749878,1,-2.242356061935425,2,-2.0137369632720947,3,-2.1964666843414307,4,-1.5326765775680542,5,2.409191846847534,6,-1.1772388219833374,7,-0.3321632444858551,8,0.48789089918136597,9,1.248679757118225
8785,0,-2.527336835861206,1,2.438168525695801,2,-3.118809938430786,3,-0.054435648024082184,4,-1.1180014610290527,5,-1.647282600402832,6,-1.02983558177948,7,1.78337562084198,8,2.795914649963379,9,1.2311679124832153
8786,0,-2.7348997592926025,1,-0.4113874137401581,2,1.2044159173965454,3,-2.0522215366363525,4,2.369326114654541,5,1.7264448404312134,6,1.0675956010818481,7,2.5549421310424805,8,2.7519736289978027,9,1.5155285596847534
8787,0,-2.2208595275878906,1,-2.307288408279419,2,-1.617476463317871,3,-2.708621025085449,4,2.6581149101257324,5,-0.17196065187454224,6,0.18791989982128143,7,2.3388986587524414,8,2.1794095039367676,9,2.3544251918792725
8788,0,-0.49400442838668823,1,-1.0180637836456299,2,1.96071457862854,3,0.3914293944835663,4,0.4270258843898773,5,0.7404841184616089,6,0.3563883304595947,7,-2.821314811706543,8,1.837072491645813,9,0.5046306848526001
8789,0,-2.3482863903045654,1,-1.9200867414474487,2,-2.734741449356079,3,-1.672986388206482,4,-0.3263366222381592,5,2.895810604095459,6,-3.1277294158935547,7,2.0092101097106934,8,2.794389009475708,9,1.2904309034347534
8790,0,-1.97128164768219,1,-2.068821430206299,2,-1.9073303937911987,3,-3.0489442348480225,4,-0.3896086812019348,5,0.881750762462616,6,-1.8255234956741333,7,-1.3933452367782593,8,-0.8368276357650757,9,2.1871814727783203
8791,0,-1.3735486268997192,1,-1.0448687076568604,2,-1.2991952896118164,3,-0.338581383228302,4,-1.077972412109375,5,-1.1778205633163452,6,1.2115039825439453,7,0.7706688642501831,8,2.3103625774383545,9,0.39782825112342834
8792,0,-1.9585646390914917,1,3.074333667755127,2,2.5338473320007324,3,-0.31378236413002014,4,0.38653630018234253,5,1.1390334367752075,6,0.8401317000389099,7,-2.0571835041046143,8,-2.8815014362335205,9,1.914138913154602
8793,0,-2.9034993648529053,1,-2.002254009246826,2,-0.9473406076431274,3,-3.0506646633148193,4,1.1769499778747559,5,1.7861837148666382,6,-0.5876242518424988,7,2.316220760345459,8,1.4726512432098389,9,2.128671169281006
8794,0,-2.9047796726226807,1,-2.7229671478271484,2,-0.7801494002342224,3,-0.9377211928367615,4,-0.8263483047485352,5,-0.38683393597602844,6,1.575737714767456,7,2.3331422805786133,8,1.843619465827942,9,-1.0702418088912964
8795,0,-2.9813320636749268,1,-0.8380044102668762,2,-0.8896995782852173,3,-0.7259305119514465,4,0.39512521028518677,5,3.050245523452759,6,3.1111207008361816,7,0.10141611844301224,8,0.9521946310997009,9,2.6472928524017334
8796,0,-2.496978282928467,1,-1.4418271780014038,2,-2.4228882789611816,3,-3.0019376277923584,4,-2.379772901535034,5,0.04904940351843834,6,-1.096545934677124,7,0.3366166651248932,8,2.7263998985290527,9,-0.41524723172187805
8797,0,-0.9711523652076721,1,-0.9658671617507935,2,-2.903019905090332,3,0.7351046204566956,4,-1.2125604152679443,5,1.0175522565841675,6,0.16655190289020538,7,2.587412118911743,8,0.5198090076446533,9,2.4266140460968018
8798,0,-2.6920390129089355,1,-0.5031762719154358,2,-1.4707863330841064,3,1.389241337776184,4,-0.21263737976551056,5,-0.28494638204574585,6,-0.5858817100524902,7,1.7946628332138062,8,2.750044822692871,9,-0.49715709686279297
8799,0,-2.569363594055176,1,-2.6265273094177246,2,-2.818060874938965,3,0.8094456195831299,4,0.30752766132354736,5,2.286759614944458,6,0.9696418046951294,7,2.4492855072021484,8,0.8073899149894714,9,2.7274169921875
8800,0,-2.4190807342529297,1,-0.5194588899612427,2,-2.9948179721832275,3,-1.3714616298675537,4,2.725520133972168,5,-1.1655405759811401,6,0.6705036759376526,7,-0.1831360012292862,8,1.4579524993896484,9,2.592144727706909
8801,0,-2.218425750732422,1,-2.138700008392334,2,-0.054846156388521194,3,-1.9550691843032837,4,2.204610586166382,5,1.8030296564102173,6,0.7002308964729309,7,0.6387283802032471,8,0.9275085926055908,9,2.321521520614624
8802,0,-2.2476084232330322,1,-0.7906797528266907,2,2.7360873222351074,3,-1.358787178993225,4,2.9416887760162354,5,1.8570305109024048,6,1.5037223100662231,7,1.7002054452896118,8,1.429423451423645,9,2.1509227752685547
8803,0,-2.711843967437744,1,-2.436192512512207,2,-1.981803059577942,3,-3.088345527648926,4,-1.598860502243042,5,-0.6361766457557678,6,2.6571056842803955,7,2.4264936447143555,8,0.8261242508888245,9,-1.120333194732666
8804,0,-2.929863691329956,1,-1.2201130390167236,2,-2.5589652061462402,3,2.8413567543029785,4,0.49348747730255127,5,-2.2682857513427734,6,-2.0403106212615967,7,1.8871872425079346,8,2.898987293243408,9,2.1022756099700928
8805,0,-3.119811534881592,1,-2.976280450820923,2,-2.771552324295044,3,0.8983418941497803,4,-1.241607666015625,5,1.6245094537734985,6,-0.45367616415023804,7,-1.8149865865707397,8,-0.0261774193495512,9,2.0056991577148438
8806,0,-1.1913899183273315,1,-3.0108482837677,2,1.1414551734924316,3,2.963160753250122,4,2.5679678916931152,5,2.411609649658203,6,1.6913082599639893,7,1.5268830060958862,8,1.7786802053451538,9,1.7575840950012207
8807,0,-2.617594003677368,1,-2.3318939208984375,2,-2.70550537109375,3,-1.4937233924865723,4,-0.7529391646385193,5,-2.2110753059387207,6,-1.3822695016860962,7,2.7452762126922607,8,2.1302177906036377,9,2.321998119354248
8808,0,-2.0739452838897705,1,-1.4061670303344727,2,-2.0073721408843994,3,-2.4526710510253906,4,-2.0685837268829346,5,0.16624344885349274,6,-1.8179467916488647,7,-2.0125977993011475,8,-1.5963066816329956,9,-1.6219075918197632
8809,0,-2.840021848678589,1,-1.4559645652770996,2,-1.95154869556427,3,-0.25732195377349854,4,-1.4732211828231812,5,1.6740275621414185,6,1.2145655155181885,7,2.016831636428833,8,0.5097251534461975,9,1.9067871570587158
8810,0,-2.988663673400879,1,-1.7795439958572388,2,1.121856927871704,3,-0.7795702219009399,4,-0.9303481578826904,5,-0.09173721075057983,6,-0.2579534947872162,7,0.43263739347457886,8,0.4631572663784027,9,0.43545421957969666
8811,0,-1.9605435132980347,1,-2.706061840057373,2,-0.6900710463523865,3,-0.36317023634910583,4,-0.4500725567340851,5,1.8019342422485352,6,0.22716635465621948,7,-1.1536697149276733,8,0.09989971667528152,9,2.7698307037353516
8812,0,-2.9017446041107178,1,-0.8750895261764526,2,-1.2169965505599976,3,-0.6975097060203552,4,-0.3849010765552521,5,-0.03039477951824665,6,1.5604015588760376,7,1.4200999736785889,8,-1.1734614372253418,9,3.096494436264038
8813,0,-1.9876677989959717,1,-1.5590524673461914,2,-0.1661982238292694,3,1.186108946800232,4,-0.808567225933075,5,2.020317792892456,6,-0.8325249552726746,7,0.12222718447446823,8,-0.8621763586997986,9,-0.1857849657535553
8814,0,-2.5259766578674316,1,-1.6309499740600586,2,-0.015531742945313454,3,-1.8794844150543213,4,-1.7322208881378174,5,0.4554027318954468,6,0.339598149061203,7,0.5406771898269653,8,0.736068069934845,9,-1.7003854513168335
8815,0,-1.6798067092895508,1,-2.7610561847686768,2,0.9121768474578857,3,1.1876764297485352,4,-1.1952897310256958,5,2.9226796627044678,6,1.6814621686935425,7,-0.0020355768501758575,8,0.3326011300086975,9,2.716646194458008
8816,0,-1.5772197246551514,1,-1.2431998252868652,2,3.059689998626709,3,-0.4723243713378906,4,1.5058616399765015,5,2.7053282260894775,6,2.8296256065368652,7,0.19147613644599915,8,-0.6789970993995667,9,1.790350079536438
8817,0,-2.454815149307251,1,-0.6025038957595825,2,-2.8787286281585693,3,1.2514561414718628,4,0.20529139041900635,5,-3.049304962158203,6,-2.293731689453125,7,2.5476112365722656,8,0.9010301232337952,9,2.9362597465515137
8818,0,-2.2765653133392334,1,-1.370173454284668,2,-1.1288659572601318,3,1.0181705951690674,4,-1.3231844902038574,5,-2.6719253063201904,6,2.8654584884643555,7,2.8864595890045166,8,2.6036081314086914,9,1.8370803594589233
8819,0,-1.8845230340957642,1,-1.2692757844924927,2,2.968233823776245,3,-0.733452320098877,4,-0.6580027937889099,5,0.6475686430931091,6,-1.1589622497558594,7,2.2722065448760986,8,1.233305811882019,9,2.9558868408203125
8820,0,-0.8403931260108948,1,-0.7008174657821655,2,-0.7900065779685974,3,-0.7618903517723083,4,-1.3995155096054077,5,-0.6908226609230042,6,-3.018190622329712,7,1.0286248922348022,8,-0.6353904604911804,9,-0.023842619732022285
8821,0,-1.7501245737075806,1,-0.9806066751480103,2,-1.3948150873184204,3,0.357869952917099,4,0.6850054860115051,5,-0.3189726769924164,6,1.0941861867904663,7,0.7897447347640991,8,2.147916078567505,9,1.6716985702514648
8822,0,-2.1992123126983643,1,-1.9532424211502075,2,-2.036419153213501,3,1.191891074180603,4,-3.0769739151000977,5,0.4326004087924957,6,1.9169827699661255,7,2.7004308700561523,8,1.4754993915557861,9,1.1974375247955322
8823,0,-2.528085231781006,1,-1.9249542951583862,2,-0.493358850479126,3,-1.5996838808059692,4,-1.4465446472167969,5,2.19870924949646,6,0.8408166766166687,7,0.742385983467102,8,2.4747202396392822,9,0.7356331944465637
8824,0,-2.0217087268829346,1,-2.1756508350372314,2,1.3970839977264404,3,-3.1128766536712646,4,0.203748881816864,5,1.7311232089996338,6,2.888603925704956,7,1.8654143810272217,8,-3.0452938079833984,9,1.9955897331237793
8825,0,-2.2570323944091797,1,-2.088930130004883,2,-0.5846190452575684,3,-2.3212227821350098,4,2.4899091720581055,5,-2.690001964569092,6,-1.5467394590377808,7,-0.7733768224716187,8,-0.9877500534057617,9,1.6395082473754883
8826,0,2.2651591300964355,1,-1.4776650667190552,2,-2.2197606563568115,3,-1.1089890003204346,4,2.2910563945770264,5,1.3379368782043457,6,2.593374252319336,7,1.932788610458374,8,0.25761571526527405,9,2.2137069702148438
8827,0,-2.320608377456665,1,-2.1815640926361084,2,3.1252219676971436,3,2.5606958866119385,4,-1.9691890478134155,5,2.910935878753662,6,2.307401180267334,7,2.0768988132476807,8,1.9518234729766846,9,1.77145516872406
8828,0,-2.8844704627990723,1,-3.0724642276763916,2,-2.744602680206299,3,-1.7077486515045166,4,-0.16091127693653107,5,0.720555305480957,6,2.031935691833496,7,1.5397334098815918,8,2.551994562149048,9,1.7564111948013306
8829,0,-1.9304919242858887,1,-2.9371612071990967,2,1.1360552310943604,3,-0.897296130657196,4,-2.443337917327881,5,2.766491413116455,6,0.24334445595741272,7,-0.9860691428184509,8,1.2599129676818848,9,-0.49670636653900146
8830,0,-1.4314757585525513,1,0.04326125979423523,2,-0.3564998209476471,3,0.008828253485262394,4,-0.9510533809661865,5,2.373746156692505,6,0.28901010751724243,7,0.841762900352478,8,1.3463534116744995,9,-0.02229452133178711
8831,0,-2.2096168994903564,1,-2.927086353302002,2,0.39591652154922485,3,-0.40595880150794983,4,2.5110292434692383,5,2.4688079357147217,6,0.8790789842605591,7,2.020095109939575,8,1.172032117843628,9,2.268864870071411
8832,0,-0.2682686448097229,1,-0.01972893625497818,2,1.0824944972991943,3,1.2596603631973267,4,0.8088875412940979,5,3.0448362827301025,6,2.7598204612731934,7,1.2889039516448975,8,1.844948172569275,9,-0.10570669919252396
8833,0,-2.386202812194824,1,-0.6871458888053894,2,-2.1589646339416504,3,1.1415495872497559,4,1.604824423789978,5,1.1818794012069702,6,-1.3322948217391968,7,2.151333808898926,8,1.8935612440109253,9,2.029806137084961
8834,0,-0.8726140856742859,1,-2.15240216255188,2,-2.5601043701171875,3,-2.0217320919036865,4,1.2728511095046997,5,-2.7643847465515137,6,0.34922271966934204,7,0.0780242457985878,8,2.617314338684082,9,2.256091356277466
8835,0,-2.5427279472351074,1,-0.493866890668869,2,2.951949119567871,3,0.0843140110373497,4,-0.6587292551994324,5,2.5160059928894043,6,2.440223217010498,7,2.266273260116577,8,2.8031044006347656,9,1.5930991172790527
8836,0,-2.0669755935668945,1,1.1650950908660889,2,-2.354128360748291,3,-2.4928369522094727,4,-0.06530668586492538,5,0.21190519630908966,6,-1.0817605257034302,7,2.567392110824585,8,-0.8665896058082581,9,0.8825266361236572
8837,0,3.129082441329956,1,-1.4647092819213867,2,-3.0713000297546387,3,0.017389224842190742,4,-1.4894793033599854,5,2.3116939067840576,6,1.8117916584014893,7,2.3628902435302734,8,3.0664916038513184,9,0.9763308763504028
8838,0,-2.9170827865600586,1,-0.39218559861183167,2,-2.724231004714966,3,-1.596505045890808,4,-1.4892621040344238,5,2.193859338760376,6,-0.23333072662353516,7,1.9664738178253174,8,0.9211978316307068,9,0.9450958371162415
8839,0,-1.6849339008331299,1,3.1118967533111572,2,-0.3217163681983948,3,-2.7440247535705566,4,1.3429216146469116,5,2.7885947227478027,6,1.3802629709243774,7,1.5288113355636597,8,0.3069275915622711,9,0.3967913091182709
8840,0,-2.363101005554199,1,-2.805138349533081,2,-2.808936357498169,3,1.3919589519500732,4,1.062677264213562,5,-0.5592175126075745,6,-2.0246469974517822,7,0.11660757660865784,8,1.7683277130126953,9,1.5420001745224
8841,0,-0.5344085097312927,1,-3.056051731109619,2,0.9537655711174011,3,-0.3434448838233948,4,1.37408447265625,5,0.7865425944328308,6,0.5738986134529114,7,-0.9512873291969299,8,-1.2095050811767578,9,1.472249150276184
8842,0,-2.5147194862365723,1,1.0185143947601318,2,-2.1662049293518066,3,0.050849638879299164,4,-0.46459105610847473,5,-2.931173086166382,6,0.9084365963935852,7,2.151529312133789,8,0.9697805643081665,9,2.6013777256011963
8843,0,-1.3520629405975342,1,-1.3092007637023926,2,-2.010309934616089,3,-2.4119045734405518,4,-1.4004706144332886,5,-0.7888249754905701,6,1.0327543020248413,7,1.4058310985565186,8,0.7139552235603333,9,2.816927194595337
8844,0,-2.096040725708008,1,-2.1208977699279785,2,-1.6591886281967163,3,0.21652232110500336,4,-0.33061280846595764,5,-0.8751277923583984,6,-3.026200771331787,7,-0.71478670835495,8,1.5686922073364258,9,1.3902533054351807
8845,0,-2.5954818725585938,1,-2.1004436016082764,2,-2.16947078704834,3,-1.608972191810608,4,0.8478419184684753,5,2.358614921569824,6,-2.0023276805877686,7,1.0728142261505127,8,-3.002448081970215,9,2.463334083557129
8846,0,-2.6837661266326904,1,-1.9475213289260864,2,-2.2095251083374023,3,2.6733744144439697,4,-1.0192304849624634,5,-1.034490942955017,6,-2.9448864459991455,7,2.8047380447387695,8,3.046919107437134,9,-0.02807544358074665
8847,0,-1.962141752243042,1,-0.05914400517940521,2,-1.7083845138549805,3,1.178255319595337,4,-0.5418134927749634,5,2.1022300720214844,6,1.6282098293304443,7,1.734347939491272,8,2.64334774017334,9,2.926248073577881
8848,0,-1.5376572608947754,1,-2.4547905921936035,2,-2.7104811668395996,3,1.6156895160675049,4,-1.5296369791030884,5,-1.0200115442276,6,-0.4045403301715851,7,1.825754165649414,8,1.8781944513320923,9,1.8484159708023071
8849,0,-2.9356629848480225,1,-3.049166679382324,2,-2.1973865032196045,3,-0.8441837430000305,4,-2.937654495239258,5,0.42784470319747925,6,-0.8516449928283691,7,2.1546781063079834,8,2.611069917678833,9,-1.466538429260254
8850,0,-2.4081649780273438,1,-0.8903658986091614,2,-1.6213637590408325,3,2.6210224628448486,4,-2.761364459991455,5,0.5755959749221802,6,1.860450267791748,7,2.781078577041626,8,0.6559069156646729,9,2.442883253097534
8851,0,-2.2741129398345947,1,-1.902261734008789,2,0.06417062133550644,3,-0.15882565081119537,4,-0.12057111412286758,5,2.890850305557251,6,2.0036652088165283,7,-0.7431610226631165,8,-0.2117840200662613,9,1.8289731740951538
8852,0,-2.365384340286255,1,2.967047929763794,2,-1.6189908981323242,3,-1.0406156778335571,4,-1.2866970300674438,5,0.3270990252494812,6,0.9166765809059143,7,2.8759775161743164,8,0.46591609716415405,9,1.4326783418655396
8853,0,-2.7306652069091797,1,-1.5212830305099487,2,1.458489179611206,3,-0.5846855044364929,4,2.9113528728485107,5,2.339303731918335,6,3.095961570739746,7,2.7011098861694336,8,-0.31578660011291504,9,1.1555813550949097
8854,0,-2.883869171142578,1,-2.3644680976867676,2,-1.8992575407028198,3,-2.9443018436431885,4,-2.8616461753845215,5,-2.628044366836548,6,-2.180194854736328,7,2.3582115173339844,8,0.01568647474050522,9,2.8412606716156006
8855,0,-1.8863621950149536,1,-1.5298923254013062,2,-0.8768720030784607,3,-0.2918056845664978,4,-0.2512839138507843,5,-0.4629027545452118,6,1.3419770002365112,7,2.1294212341308594,8,2.1473875045776367,9,1.8552684783935547
8856,0,-2.7875192165374756,1,-2.9151995182037354,2,-1.2179665565490723,3,0.10225142538547516,4,-0.8186086416244507,5,2.9685447216033936,6,0.8536957502365112,7,-1.1705447435379028,8,1.052077293395996,9,0.7935187220573425
8857,0,-1.695512294769287,1,-0.7231936454772949,2,0.2824586033821106,3,-0.8309705853462219,4,-1.3884378671646118,5,0.08337649703025818,6,0.17283378541469574,7,1.838186502456665,8,0.822346031665802,9,2.0722296237945557
8858,0,-2.86741304397583,1,-0.9365898370742798,2,-0.6151142716407776,3,2.773211717605591,4,-0.14872559905052185,5,1.6010559797286987,6,3.01940655708313,7,1.6110156774520874,8,0.6114376187324524,9,2.138036012649536
8859,0,-2.602644920349121,1,-0.6674292087554932,2,-1.1935474872589111,3,0.32565370202064514,4,-1.556027889251709,5,0.5876042246818542,6,0.46105024218559265,7,2.920260190963745,8,2.507340908050537,9,1.3021882772445679
8860,0,-1.7050222158432007,1,-1.4068043231964111,2,-2.7680716514587402,3,-3.128671884536743,4,0.09995629638433456,5,0.02059607394039631,6,0.22074083983898163,7,2.3999032974243164,8,1.9122123718261719,9,-0.008997566998004913
8861,0,-2.5001697540283203,1,-2.1453757286071777,2,0.04166710004210472,3,2.8619296550750732,4,2.008737802505493,5,-1.2976380586624146,6,2.3377506732940674,7,2.554863691329956,8,0.31142106652259827,9,2.6520535945892334
8862,0,-1.243943452835083,1,-2.036025285720825,2,-1.087706208229065,3,0.3217986524105072,4,-1.1052026748657227,5,3.011871337890625,6,1.3539506196975708,7,2.3350861072540283,8,2.4373414516448975,9,-0.7611719369888306
8863,0,-2.675448417663574,1,-3.0231258869171143,2,-2.148017644882202,3,-0.8506128191947937,4,1.043664574623108,5,0.2784929573535919,6,-0.5083963871002197,7,1.3577183485031128,8,0.9944514632225037,9,1.0536742210388184
8864,0,-3.040400743484497,1,-3.0940418243408203,2,1.1579325199127197,3,0.9408316612243652,4,3.13535475730896,5,2.2295327186584473,6,0.2779530882835388,7,2.965718984603882,8,0.6391109824180603,9,3.0227465629577637
8865,0,-2.9631259441375732,1,0.6518535614013672,2,-1.265850305557251,3,-0.8646354675292969,4,-1.2735289335250854,5,-0.02644750103354454,6,1.0734807252883911,7,0.7566771507263184,8,1.6973609924316406,9,1.4976270198822021
8866,0,-2.468146324157715,1,-2.7504608631134033,2,1.5606757402420044,3,-1.6884762048721313,4,-2.3152196407318115,5,1.63113272190094,6,0.2782646715641022,7,1.8172130584716797,8,-0.5052806735038757,9,0.774613618850708
8867,0,-1.438043475151062,1,1.1395422220230103,2,-0.7332066297531128,3,2.472323179244995,4,0.6215776801109314,5,-3.0898542404174805,6,-2.987508535385132,7,2.3847687244415283,8,1.9992386102676392,9,2.0642142295837402
8868,0,-1.4400485754013062,1,-2.016061305999756,2,-0.8450701832771301,3,-2.1647489070892334,4,0.7448192238807678,5,0.4825259745121002,6,-1.0596303939819336,7,0.7905762791633606,8,0.7820472717285156,9,-0.591921329498291
8869,0,-2.976259708404541,1,-3.034456491470337,2,3.079387903213501,3,0.969980001449585,4,-2.044034719467163,5,1.0727427005767822,6,2.3338911533355713,7,0.885058581829071,8,1.5502851009368896,9,1.0638068914413452
8870,0,-2.416135549545288,1,-1.793424367904663,2,-0.5233607292175293,3,-0.8716335296630859,4,0.697287917137146,5,2.6670162677764893,6,0.9829622507095337,7,2.2577133178710938,8,-0.9321399927139282,9,1.7943748235702515
8871,0,-0.9427672028541565,1,0.02216269262135029,2,0.14068739116191864,3,-0.6931115984916687,4,-0.7100083231925964,5,2.7626419067382812,6,1.0047552585601807,7,0.4425261318683624,8,2.5574705600738525,9,1.444239854812622
8872,0,-1.7476762533187866,1,-2.1652345657348633,2,0.1403898298740387,3,-1.40009605884552,4,-0.49707120656967163,5,2.5992188453674316,6,3.036938428878784,7,2.2346596717834473,8,1.5023447275161743,9,2.081526041030884
8873,0,2.8320581912994385,1,-3.1382765769958496,2,-1.7970472574234009,3,1.2966943979263306,4,1.1082379817962646,5,0.5270636677742004,6,-2.937676191329956,7,0.17207355797290802,8,2.6237614154815674,9,-0.002102094003930688
8874,0,-2.4048001766204834,1,-0.2561386525630951,2,-1.8935898542404175,3,1.4286324977874756,4,-0.41195034980773926,5,-0.8475227355957031,6,-0.7127331495285034,7,2.0383102893829346,8,0.31268879771232605,9,2.7419474124908447
8875,0,3.1143503189086914,1,-2.010221242904663,2,-1.6694141626358032,3,-0.951691210269928,4,2.7016289234161377,5,-1.5752350091934204,6,0.037198372185230255,7,0.6062938570976257,8,2.772132396697998,9,0.12969164550304413
8876,0,-2.756830930709839,1,1.9617931842803955,2,1.2378531694412231,3,-1.2204225063323975,4,0.8277617692947388,5,-0.8060252666473389,6,3.0618722438812256,7,3.024827003479004,8,0.647664487361908,9,0.3592674434185028
8877,0,-2.662580966949463,1,3.1169166564941406,2,-1.0706826448440552,3,0.980239987373352,4,-2.6513569355010986,5,-0.183105930685997,6,0.019207259640097618,7,1.520002841949463,8,-2.940704107284546,9,1.6439831256866455
8878,0,-1.5979822874069214,1,-2.8634657859802246,2,-2.1623640060424805,3,-1.9697660207748413,4,-0.6623404026031494,5,-2.8064794540405273,6,0.2385154366493225,7,0.33833426237106323,8,-0.5825504660606384,9,2.727142333984375
8879,0,-2.8373501300811768,1,1.3384215831756592,2,-2.328174114227295,3,-0.6167113184928894,4,1.2588636875152588,5,-1.1593068838119507,6,-1.2777397632598877,7,2.574808359146118,8,1.0938950777053833,9,2.5420477390289307
8880,0,-1.7969567775726318,1,-1.878502368927002,2,-1.5283105373382568,3,1.1896440982818604,4,-1.3370147943496704,5,0.8032087683677673,6,3.0220441818237305,7,0.6848763823509216,8,2.34480881690979,9,3.005932569503784
8881,0,-0.759513258934021,1,-0.677049458026886,2,1.0889588594436646,3,0.03654506802558899,4,-2.3954830169677734,5,0.3275977671146393,6,2.7699575424194336,7,2.2205393314361572,8,2.6617910861968994,9,1.5997167825698853
8882,0,-0.43784815073013306,1,-0.6792078614234924,2,1.423377513885498,3,2.564471960067749,4,2.0118346214294434,5,2.915296792984009,6,0.7459295392036438,7,2.262644052505493,8,1.9400869607925415,9,-0.37330207228660583
8883,0,-2.508831262588501,1,1.1374571323394775,2,-1.4760648012161255,3,2.464019298553467,4,0.04321381822228432,5,-0.15638092160224915,6,-1.2603410482406616,7,0.6103245615959167,8,2.3007023334503174,9,2.874109983444214
8884,0,-2.421013355255127,1,-1.6100471019744873,2,2.0853662490844727,3,-0.9027224779129028,4,-1.715002179145813,5,2.9276609420776367,6,1.544255018234253,7,0.4984986186027527,8,-0.6142325401306152,9,0.23380021750926971
8885,0,-2.441301107406616,1,-0.5326361060142517,2,-1.612229585647583,3,2.497105121612549,4,2.902818441390991,5,3.020110607147217,6,0.15556281805038452,7,2.365274667739868,8,0.5214389562606812,9,0.08457721024751663
8886,0,-0.7768475413322449,1,-3.0754542350769043,2,0.9492185711860657,3,1.9548895359039307,4,0.9668099880218506,5,0.6902428865432739,6,2.192540168762207,7,2.352055072784424,8,1.730432152748108,9,0.047338858246803284
8887,0,-2.6242799758911133,1,-1.7385187149047852,2,-0.7814913392066956,3,-0.77683025598526,4,-2.1899948120117188,5,-1.4100667238235474,6,-1.1347171068191528,7,2.892045021057129,8,0.2684495747089386,9,0.22124704718589783
8888,0,-2.8713552951812744,1,-1.333940863609314,2,-1.3725050687789917,3,-3.122450113296509,4,-0.33702024817466736,5,0.8910691738128662,6,1.2660664319992065,7,0.460051566362381,8,1.9674055576324463,9,2.634934902191162
8889,0,-2.040592670440674,1,-1.949289321899414,2,-1.6447820663452148,3,-0.24046948552131653,4,1.974636435508728,5,3.0461769104003906,6,-0.841977596282959,7,2.0199081897735596,8,1.7784959077835083,9,2.014853000640869
8890,0,-1.4726285934448242,1,-1.0138273239135742,2,-0.07713150233030319,3,-0.37398993968963623,4,2.227099895477295,5,0.8430737853050232,6,0.11245164275169373,7,2.3424320220947266,8,0.8114444017410278,9,1.8896946907043457
8891,0,-2.384384870529175,1,-1.2912070751190186,2,-2.9266815185546875,3,-0.44175538420677185,4,-0.20566250383853912,5,-1.4858812093734741,6,-0.28219375014305115,7,-0.773536741733551,8,2.5867650508880615,9,2.5746521949768066
8892,0,-1.7348175048828125,1,-1.5403516292572021,2,-1.8860132694244385,3,0.9918631911277771,4,1.356231451034546,5,-1.1079013347625732,6,-2.341759443283081,7,2.383420467376709,8,2.332371950149536,9,3.0906612873077393
8893,0,-1.7995247840881348,1,-0.7255949378013611,2,-1.9608004093170166,3,-2.956287145614624,4,-0.5264406204223633,5,-0.1943260282278061,6,2.0983641147613525,7,1.4469108581542969,8,-1.003875732421875,9,-2.411954164505005
8894,0,-2.6522445678710938,1,-0.2794927954673767,2,-1.2169626951217651,3,1.216803789138794,4,1.4631797075271606,5,0.29279476404190063,6,0.10419660806655884,7,2.0576605796813965,8,1.7237149477005005,9,0.8293981552124023
8895,0,-2.0522122383117676,1,-1.705478310585022,2,1.3064868450164795,3,-2.9920287132263184,4,3.10678768157959,5,2.644878387451172,6,-0.13098227977752686,7,2.3243625164031982,8,1.5878324508666992,9,-1.4052371978759766
8896,0,-1.5886067152023315,1,-2.5978596210479736,2,-0.576358437538147,3,1.3576239347457886,4,3.017531394958496,5,1.0396195650100708,6,0.9155975580215454,7,3.088698148727417,8,0.8426465392112732,9,0.2911967635154724
8897,0,-2.028435230255127,1,-1.186428189277649,2,-1.9169948101043701,3,2.3238956928253174,4,0.6209747195243835,5,-0.325943261384964,6,-1.337205171585083,7,1.9754642248153687,8,1.1999717950820923,9,0.6292840838432312
8898,0,-2.2903940677642822,1,-2.5890913009643555,2,-0.3690294921398163,3,-2.200406312942505,4,-1.2797503471374512,5,-0.9136996865272522,6,0.23710229992866516,7,2.303194046020508,8,0.08562590181827545,9,0.9726510643959045
8899,0,-1.265203595161438,1,-2.0188214778900146,2,-2.2197444438934326,3,-1.121181607246399,4,-0.7474912405014038,5,1.4612549543380737,6,-1.590993881225586,7,-0.001607092679478228,8,1.9818044900894165,9,0.6493098139762878
8900,0,-2.091928005218506,1,1.9394320249557495,2,-2.37835693359375,3,1.0588799715042114,4,2.6477034091949463,5,-0.21420274674892426,6,0.3293716311454773,7,1.6132616996765137,8,0.355660617351532,9,0.3666665256023407
8901,0,-1.6913520097732544,1,-2.0504419803619385,2,2.9643123149871826,3,2.118797540664673,4,2.0604519844055176,5,1.841747522354126,6,1.9469382762908936,7,2.1603260040283203,8,1.0304042100906372,9,1.6316884756088257
8902,0,-3.0180885791778564,1,-2.762971878051758,2,1.0811887979507446,3,-0.5625515580177307,4,-2.6624603271484375,5,2.532059907913208,6,0.21808816492557526,7,1.383118987083435,8,3.0820722579956055,9,1.941236972808838
8903,0,-3.032623529434204,1,-0.34839969873428345,2,-0.8347870707511902,3,0.9446012377738953,4,-0.17068861424922943,5,2.794142961502075,6,1.1915210485458374,7,1.9777871370315552,8,0.4522422254085541,9,2.844679355621338
8904,0,-2.454281806945801,1,-1.3520386219024658,2,1.2115291357040405,3,-0.09986169636249542,4,-1.3353444337844849,5,-2.185375213623047,6,0.5461469292640686,7,0.4847813546657562,8,-0.06571315228939056,9,2.8005805015563965
8905,0,-2.482577323913574,1,-2.037592649459839,2,1.200574278831482,3,2.56791615486145,4,1.0767298936843872,5,2.6357510089874268,6,3.0207369327545166,7,2.1108603477478027,8,2.3757922649383545,9,0.6735537648200989
8906,0,-1.6662728786468506,1,-2.554694175720215,2,2.449690103530884,3,-0.15663734078407288,4,-2.5798895359039307,5,1.8194866180419922,6,-0.06432309001684189,7,2.161355972290039,8,-1.4148317575454712,9,-1.2312315702438354
8907,0,-2.154916763305664,1,2.6055548191070557,2,-1.9044208526611328,3,-1.087937593460083,4,2.6345510482788086,5,-0.2647828459739685,6,-1.7568715810775757,7,-1.55758798122406,8,1.903367519378662,9,0.45601794123649597
8908,0,-2.641016960144043,1,-0.2509118914604187,2,2.9743573665618896,3,2.181644916534424,4,0.5480700135231018,5,0.4996997117996216,6,0.9881901144981384,7,2.395137310028076,8,2.0615336894989014,9,2.5785067081451416
8909,0,-1.9794573783874512,1,-1.2330670356750488,2,1.0673530101776123,3,-2.461512327194214,4,2.9327292442321777,5,2.4802887439727783,6,0.7914345860481262,7,2.239989995956421,8,0.9430034756660461,9,2.4010510444641113
8910,0,-3.034271717071533,1,-0.42811474204063416,2,0.2274196594953537,3,-1.3244215250015259,4,0.42211276292800903,5,2.343625783920288,6,2.2185721397399902,7,3.0157244205474854,8,2.868598461151123,9,2.182924270629883
8911,0,-2.1359407901763916,1,-2.9314911365509033,2,1.3230291604995728,3,-0.9020988941192627,4,-2.1382341384887695,5,2.838139057159424,6,-0.39574119448661804,7,-0.16712768375873566,8,2.8205878734588623,9,2.360724925994873
8912,0,-2.7189414501190186,1,-2.72157883644104,2,-1.9867832660675049,3,-2.5908432006835938,4,-2.485442638397217,5,0.6642760038375854,6,-2.7982027530670166,7,2.5211706161499023,8,0.5005595684051514,9,-0.11689192801713943
8913,0,-2.6106107234954834,1,-0.8851717710494995,2,-1.2869940996170044,3,-2.4305460453033447,4,-1.46094810962677,5,-2.2551586627960205,6,-0.8299485445022583,7,-2.5396018028259277,8,-0.504976749420166,9,-0.8729257583618164
8914,0,-2.0467519760131836,1,-1.7911834716796875,2,0.5001325607299805,3,-2.0110881328582764,4,1.511776089668274,5,2.9606642723083496,6,1.711997628211975,7,3.033060073852539,8,-0.8086214661598206,9,2.08324933052063
8915,0,-0.8290280103683472,1,-0.7720954418182373,2,-3.1278305053710938,3,-2.382622241973877,4,1.2777581214904785,5,2.319382667541504,6,2.7292017936706543,7,0.10316172987222672,8,-0.9002526998519897,9,0.5615308880805969
8916,0,-1.588125467300415,1,1.371987223625183,2,-2.051344633102417,3,-1.2596333026885986,4,0.45810776948928833,5,2.470766544342041,6,2.9190685749053955,7,0.9627858400344849,8,-3.039815902709961,9,2.8722777366638184
8917,0,3.11875581741333,1,-2.9725985527038574,2,-1.8097283840179443,3,-1.6789159774780273,4,-0.17595528066158295,5,-1.3910120725631714,6,2.188342332839966,7,2.470005512237549,8,1.3186187744140625,9,2.2092339992523193
8918,0,-1.5578010082244873,1,-1.583107352256775,2,-2.2533555030822754,3,0.8149168491363525,4,1.3672904968261719,5,-0.9659599661827087,6,-2.768937826156616,7,0.32006320357322693,8,0.17626790702342987,9,0.11907396465539932
8919,0,-2.668002128601074,1,-0.5810582637786865,2,0.9752760529518127,3,1.3940563201904297,4,1.3592106103897095,5,3.0755929946899414,6,0.7393825054168701,7,0.26577261090278625,8,0.8364731073379517,9,0.7570025324821472
8920,0,-1.3577512502670288,1,-2.211292028427124,2,-2.139273166656494,3,-1.6351667642593384,4,-2.7833969593048096,5,-1.5211087465286255,6,-2.804884910583496,7,1.5886837244033813,8,2.8968122005462646,9,-0.29279494285583496
8921,0,-2.3974804878234863,1,-2.770287275314331,2,-0.7402703762054443,3,0.21224769949913025,4,2.454282760620117,5,2.550823450088501,6,-1.186692237854004,7,0.5467181205749512,8,0.12611809372901917,9,1.8347115516662598
8922,0,-2.113994836807251,1,-1.0763300657272339,2,-0.11251283437013626,3,0.9877377152442932,4,-2.9065654277801514,5,0.4349238872528076,6,2.6772046089172363,7,0.5169328451156616,8,0.6655766367912292,9,2.3724377155303955
8923,0,-1.6365498304367065,1,-1.6965336799621582,2,-2.6761598587036133,3,0.4458058476448059,4,3.0667572021484375,5,2.118698835372925,6,1.3125776052474976,7,1.7440091371536255,8,0.6684950590133667,9,2.856440305709839
8924,0,-2.298535108566284,1,-0.21227073669433594,2,-0.7720152139663696,3,2.65651273727417,4,0.06722266972064972,5,1.2485346794128418,6,2.551589250564575,7,1.784982442855835,8,2.472273349761963,9,2.3989250659942627
8925,0,-2.0693976879119873,1,-1.8946062326431274,2,3.113393783569336,3,-0.1729908138513565,4,0.9461497664451599,5,2.1504857540130615,6,1.8816337585449219,7,0.27328863739967346,8,1.2140722274780273,9,2.7504384517669678
8926,0,-2.885087490081787,1,-1.437302589416504,2,-0.06766238063573837,3,2.9511055946350098,4,-0.5952053666114807,5,0.5326546430587769,6,0.8813943862915039,7,2.7084295749664307,8,2.2116310596466064,9,2.94320011138916
8927,0,-1.890516757965088,1,-1.4739927053451538,2,-2.5352566242218018,3,-1.3401472568511963,4,-1.5052940845489502,5,0.1970592737197876,6,-1.8238502740859985,7,2.5885043144226074,8,-1.0890828371047974,9,-1.6115823984146118
8928,0,-2.0073843002319336,1,2.674359083175659,2,0.5062233209609985,3,0.8368743658065796,4,2.932678461074829,5,2.3991148471832275,6,0.5142338275909424,7,2.155117988586426,8,0.4349691867828369,9,0.597680926322937
8929,0,-0.5537378787994385,1,-0.42015931010246277,2,-2.3556034564971924,3,-0.2143315076828003,4,0.739246666431427,5,1.93838632106781,6,0.4088181257247925,7,1.419459342956543,8,3.0224545001983643,9,2.416212797164917
8930,0,-2.0684847831726074,1,-0.6788674592971802,2,0.7243793606758118,3,-1.2153301239013672,4,-1.4873528480529785,5,-0.32017192244529724,6,-0.6534247994422913,7,-1.0614705085754395,8,0.8192697763442993,9,2.877713203430176
8931,0,-2.6814677715301514,1,2.398287296295166,2,-1.767716646194458,3,-2.658651828765869,4,-0.13895094394683838,5,0.3607292175292969,6,0.1284376084804535,7,2.99468731880188,8,0.9067535996437073,9,-0.1540869176387787
8932,0,-2.2070956230163574,1,-2.798492670059204,2,-1.2379964590072632,3,-1.008434534072876,4,0.8578972220420837,5,2.1850011348724365,6,-1.309502124786377,7,1.9930957555770874,8,-1.6236066818237305,9,2.6755058765411377
8933,0,-2.5940260887145996,1,-1.923500657081604,2,-0.05636369809508324,3,-1.5407960414886475,4,0.6932140588760376,5,2.5278570652008057,6,1.3776907920837402,7,0.4162633717060089,8,2.9269559383392334,9,1.5941849946975708
8934,0,-1.943960428237915,1,-0.41394931077957153,2,2.4094135761260986,3,1.029600977897644,4,2.8195109367370605,5,2.837383985519409,6,3.0280020236968994,7,1.45975661277771,8,1.3899849653244019,9,2.553717613220215
8935,0,-2.4410011768341064,1,3.028904914855957,2,-3.0781753063201904,3,0.8066199421882629,4,-1.2226604223251343,5,-2.9531338214874268,6,-1.1002970933914185,7,2.3372750282287598,8,0.836463212966919,9,1.4277853965759277
8936,0,3.102323293685913,1,-2.7752718925476074,2,0.832369327545166,3,-0.5674305558204651,4,0.6931240558624268,5,1.720711350440979,6,1.987949252128601,7,0.7669566869735718,8,0.5755583047866821,9,1.6883736848831177
8937,0,1.5709115266799927,1,-2.911412000656128,2,-1.6524274349212646,3,-0.4701397716999054,4,0.943923830986023,5,-1.1415672302246094,6,2.2957968711853027,7,-3.0786232948303223,8,2.6667234897613525,9,2.6360514163970947
8938,0,-2.103369951248169,1,-2.7082293033599854,2,1.1042343378067017,3,-0.8582241535186768,4,2.913806676864624,5,2.3469202518463135,6,0.39922353625297546,7,0.19573478400707245,8,0.9498653411865234,9,0.2978251576423645
8939,0,3.1347336769104004,1,-2.16005802154541,2,-1.6160508394241333,3,-2.355125904083252,4,-1.277156114578247,5,0.49302947521209717,6,0.309630423784256,7,2.6665449142456055,8,-0.017853867262601852,9,0.6462222337722778
8940,0,-1.4663095474243164,1,-2.3711345195770264,2,0.01374030951410532,3,-0.3114785850048065,4,-0.13892249763011932,5,2.3939030170440674,6,2.2816920280456543,7,1.1272116899490356,8,0.3441154956817627,9,1.633240818977356
8941,0,-2.097499370574951,1,-2.959624767303467,2,-1.543508768081665,3,-2.6714112758636475,4,-1.2009419202804565,5,1.2147072553634644,6,2.0785105228424072,7,0.8330942392349243,8,-1.3293883800506592,9,-0.7767608165740967
8942,0,-2.9215545654296875,1,-1.225595474243164,2,-2.294182300567627,3,-2.928778886795044,4,-0.16371959447860718,5,0.5538727641105652,6,-2.2256784439086914,7,-0.22269108891487122,8,0.10815690457820892,9,2.130948305130005
8943,0,-1.8827728033065796,1,-2.375457763671875,2,-2.050751209259033,3,-2.756087303161621,4,-0.3203512728214264,5,2.7826292514801025,6,2.2127814292907715,7,-0.8247236013412476,8,0.7823938131332397,9,1.7791163921356201
8944,0,-2.333451509475708,1,-1.2671184539794922,2,-0.28328782320022583,3,1.26362144947052,4,-0.3046453297138214,5,1.389605164527893,6,2.612682819366455,7,0.815085232257843,8,2.8681416511535645,9,-2.5571999549865723
8945,0,-3.0061490535736084,1,-1.063643217086792,2,-2.1348235607147217,3,-1.3441884517669678,4,-2.4220385551452637,5,-2.498292922973633,6,2.49643874168396,7,0.8857547640800476,8,-0.27282965183258057,9,0.8703336715698242
8946,0,-1.198066234588623,1,-1.352925181388855,2,0.27407306432724,3,-1.3115880489349365,4,2.966033697128296,5,0.6765451431274414,6,1.7716633081436157,7,2.0311954021453857,8,1.0071288347244263,9,0.17925532162189484
8947,0,-2.1748056411743164,1,-2.910952091217041,2,-1.7922801971435547,3,2.7412850856781006,4,1.740873098373413,5,0.5472272634506226,6,0.7401255965232849,7,2.1262047290802,8,2.8374691009521484,9,0.4935995042324066
8948,0,-2.8199708461761475,1,-0.6970757246017456,2,-1.2065284252166748,3,1.2099512815475464,4,1.1569459438323975,5,1.6891155242919922,6,0.31724491715431213,7,0.03925434127449989,8,2.6750752925872803,9,1.6127429008483887
8949,0,-1.7452086210250854,1,-2.4512927532196045,2,-2.2561700344085693,3,0.9778680205345154,4,2.2230279445648193,5,2.904346466064453,6,1.8809561729431152,7,0.2195591926574707,8,0.03898811712861061,9,2.69179368019104
8950,0,-3.087135076522827,1,-0.3386007249355316,2,-1.7832584381103516,3,0.45157691836357117,4,2.1188042163848877,5,-0.6828656792640686,6,2.755328893661499,7,2.323873996734619,8,0.4503374993801117,9,1.981889247894287
8951,0,-2.734812021255493,1,-2.4972341060638428,2,-2.650010824203491,3,1.2729425430297852,4,-2.617245674133301,5,0.057455290108919144,6,-0.8904549479484558,7,-0.9438257813453674,8,1.9771963357925415,9,0.8294583559036255
8952,0,-1.2140135765075684,1,-1.1512469053268433,2,0.06825906783342361,3,1.200102686882019,4,0.2668941617012024,5,2.680485486984253,6,0.27540096640586853,7,2.485848903656006,8,2.5893402099609375,9,2.1962945461273193
8953,0,-2.4699103832244873,1,-1.5802775621414185,2,0.8747941851615906,3,-0.5154032707214355,4,-1.445546269416809,5,2.784479856491089,6,0.919736385345459,7,-1.2173854112625122,8,-0.3430401384830475,9,0.8554654121398926
8954,0,-2.589426279067993,1,-1.4368330240249634,2,-3.126070022583008,3,1.1323878765106201,4,1.6087565422058105,5,2.5673141479492188,6,2.9878175258636475,7,1.587035059928894,8,2.9649107456207275,9,1.9469614028930664
8955,0,-2.3154594898223877,1,2.7582497596740723,2,-0.5020706653594971,3,1.1663850545883179,4,2.0436291694641113,5,-1.2564834356307983,6,-0.8289595246315002,7,0.1546688675880432,8,-0.04123193770647049,9,1.886770248413086
8956,0,-1.581588864326477,1,-2.967496633529663,2,-0.8317569494247437,3,1.433152437210083,4,-0.7113479971885681,5,1.1602654457092285,6,3.0014758110046387,7,0.8590316772460938,8,2.2955453395843506,9,1.9605661630630493
8957,0,-2.532506227493286,1,-2.9687485694885254,2,1.1827086210250854,3,-1.5603430271148682,4,-0.6386677026748657,5,0.7252761125564575,6,0.3872804641723633,7,2.8210742473602295,8,3.0920138359069824,9,-0.05801106244325638
8958,0,-2.9909539222717285,1,-2.657980442047119,2,-1.1022729873657227,3,-1.6213535070419312,4,1.3012958765029907,5,-0.785906970500946,6,-2.469486951828003,7,3.0999059677124023,8,-2.9264798164367676,9,-2.931688070297241
8959,0,-2.2522921562194824,1,-2.5676913261413574,2,-2.377925157546997,3,-2.3661842346191406,4,1.402360200881958,5,-0.7600523233413696,6,1.6034985780715942,7,0.326363205909729,8,1.5195282697677612,9,-0.3646213710308075
8960,0,-1.5233540534973145,1,-2.584620475769043,2,-1.5781207084655762,3,-0.1540111005306244,4,-0.4892500936985016,5,-2.8000435829162598,6,-0.3537870943546295,7,3.0046753883361816,8,3.0636637210845947,9,2.359529495239258
8961,0,-1.724021553993225,1,-2.894761323928833,2,3.0127644538879395,3,-1.1402472257614136,4,-1.9511719942092896,5,3.0296525955200195,6,-0.11978934705257416,7,-0.05775497108697891,8,0.42128339409828186,9,0.12493456900119781
8962,0,-2.9389941692352295,1,-2.659069061279297,2,-1.5957082509994507,3,0.40068426728248596,4,1.1750421524047852,5,0.6914954781532288,6,2.711627721786499,7,-1.3078646659851074,8,0.11494271457195282,9,1.9316120147705078
8963,0,-0.7449414134025574,1,-1.2777066230773926,2,1.4252784252166748,3,1.2600346803665161,4,0.48639070987701416,5,1.9797207117080688,6,1.3826117515563965,7,2.0516440868377686,8,2.880561351776123,9,1.7679890394210815
8964,0,-2.496962785720825,1,1.8886144161224365,2,-1.1561537981033325,3,-0.12597934901714325,4,1.430879831314087,5,-2.055070161819458,6,-1.9840558767318726,7,2.7358250617980957,8,0.08985211700201035,9,2.869518518447876
8965,0,3.0661237239837646,1,0.9782530665397644,2,2.7934138774871826,3,0.6784104704856873,4,2.5467171669006348,5,2.298086166381836,6,2.7407114505767822,7,2.1120214462280273,8,1.7747087478637695,9,2.8766298294067383
8966,0,-2.649942398071289,1,-1.995346188545227,2,-1.6947392225265503,3,-1.0944193601608276,4,-0.4532166123390198,5,0.49815115332603455,6,0.30615803599357605,7,2.261554002761841,8,0.953342854976654,9,0.38883134722709656
8967,0,-2.8175148963928223,1,1.007229208946228,2,3.1199307441711426,3,2.4902312755584717,4,0.12704060971736908,5,2.4250950813293457,6,-0.8475508093833923,7,1.909434199333191,8,2.2086117267608643,9,1.7061538696289062
8968,0,-2.5065109729766846,1,-1.4178417921066284,2,-0.8169403672218323,3,2.939394235610962,4,-1.622221827507019,5,2.6221208572387695,6,1.0711778402328491,7,2.792818069458008,8,2.817918539047241,9,1.3819314241409302
8969,0,-2.8117568492889404,1,-2.55704665184021,2,3.1103556156158447,3,-2.917191505432129,4,-0.6493619084358215,5,-0.43261078000068665,6,0.4245472252368927,7,0.6497992873191833,8,-1.696655035018921,9,1.7508373260498047
8970,0,-2.8385863304138184,1,1.0614250898361206,2,-2.8952748775482178,3,1.5201219320297241,4,1.285063624382019,5,2.798382520675659,6,0.881202220916748,7,3.0676777362823486,8,2.3907439708709717,9,2.4880168437957764
8971,0,0.5090757012367249,1,-0.6191813349723816,2,-2.015023708343506,3,-2.206609010696411,4,0.20250192284584045,5,2.7577242851257324,6,2.3350720405578613,7,0.24629457294940948,8,2.316084861755371,9,0.7416364550590515
8972,0,-2.3613531589508057,1,-3.1318697929382324,2,-0.6745805740356445,3,-1.2832967042922974,4,-3.1255290508270264,5,1.0816601514816284,6,-2.2175731658935547,7,0.05096902698278427,8,1.1786439418792725,9,-0.5674147605895996
8973,0,-1.5765056610107422,1,-2.0812015533447266,2,0.5576817393302917,3,-0.3244662284851074,4,1.9369494915008545,5,1.9226287603378296,6,2.857401132583618,7,1.3743863105773926,8,1.2594562768936157,9,2.757990598678589
8974,0,-2.2368733882904053,1,-1.2320544719696045,2,-0.24054324626922607,3,0.9208067655563354,4,-0.8124902248382568,5,0.4333019256591797,6,1.5800021886825562,7,-0.8704074621200562,8,1.9326218366622925,9,2.7758398056030273
8975,0,-3.0251383781433105,1,0.9434933066368103,2,0.08912726491689682,3,0.16654124855995178,4,1.0464140176773071,5,1.5510540008544922,6,1.1401885747909546,7,2.909968376159668,8,2.3476619720458984,9,1.8001996278762817
8976,0,-1.994958758354187,1,-1.1244596242904663,2,2.995116949081421,3,-0.23790091276168823,4,2.228058338165283,5,0.755764901638031,6,-0.15505510568618774,7,1.226523518562317,8,1.4946452379226685,9,1.8408219814300537
8977,0,0.9669433832168579,1,1.0917179584503174,2,-2.0678551197052,3,1.2910256385803223,4,2.3748061656951904,5,2.829636573791504,6,0.09793667495250702,7,2.5159878730773926,8,2.2251620292663574,9,1.6973826885223389
8978,0,-2.1731786727905273,1,-1.9061248302459717,2,-1.5960447788238525,3,2.829550266265869,4,0.21258342266082764,5,-3.129814624786377,6,2.426164150238037,7,1.6834454536437988,8,0.43719637393951416,9,2.3926234245300293
8979,0,-2.4929449558258057,1,-2.1266770362854004,2,-2.9980437755584717,3,0.2679677903652191,4,2.161726951599121,5,0.7602912187576294,6,-3.09153413772583,7,1.8321311473846436,8,2.7836313247680664,9,1.882653832435608
8980,0,-2.2173397541046143,1,1.9341322183609009,2,-3.1201376914978027,3,0.03566841408610344,4,-2.911604166030884,5,2.44708514213562,6,1.6674069166183472,7,2.2401139736175537,8,-1.5169625282287598,9,2.3433523178100586
8981,0,-1.7622203826904297,1,-2.860471248626709,2,-1.4579789638519287,3,-3.114957332611084,4,3.079317092895508,5,3.041207790374756,6,2.4784367084503174,7,-0.25844329595565796,8,0.1847401112318039,9,0.996563196182251
8982,0,-2.866978168487549,1,-2.5525906085968018,2,-1.735561728477478,3,2.959749221801758,4,2.773869752883911,5,-0.5084922313690186,6,2.1117985248565674,7,0.5413645505905151,8,1.4775049686431885,9,2.7548816204071045
8983,0,-1.8500282764434814,1,-1.8509303331375122,2,-1.2853994369506836,3,2.7992711067199707,4,-0.5380491018295288,5,1.17033052444458,6,1.753111720085144,7,1.9399511814117432,8,0.46887701749801636,9,1.0549644231796265
8984,0,-1.9073888063430786,1,-1.6195660829544067,2,-1.0355219841003418,3,-3.0906052589416504,4,3.0897905826568604,5,0.12850350141525269,6,2.902681589126587,7,0.8351976275444031,8,2.5774803161621094,9,1.8211901187896729
8985,0,-2.6508452892303467,1,-0.7818018794059753,2,0.6776593327522278,3,3.008683204650879,4,-0.49910756945610046,5,0.5219162702560425,6,0.7476940751075745,7,1.9377468824386597,8,2.7612147331237793,9,-0.7690191268920898
8986,0,-1.952476978302002,1,-1.6395975351333618,2,3.1023025512695312,3,-2.1420629024505615,4,3.0870628356933594,5,0.6570230722427368,6,-0.40235260128974915,7,-0.15975339710712433,8,-1.6457077264785767,9,0.5305211544036865
8987,0,-1.7180074453353882,1,-0.7527201771736145,2,1.200408935546875,3,-2.2587764263153076,4,1.5823700428009033,5,2.8094730377197266,6,2.2151036262512207,7,-0.25114932656288147,8,0.08360696583986282,9,1.5254751443862915
8988,0,-2.1298131942749023,1,-2.796764373779297,2,-1.1527031660079956,3,-0.8313194513320923,4,-1.0999454259872437,5,-2.885655641555786,6,-0.4053918421268463,7,1.505685806274414,8,1.4383726119995117,9,-1.0523103475570679
8989,0,-2.7199857234954834,1,-1.2596644163131714,2,-2.8217244148254395,3,-0.44038525223731995,4,1.2078672647476196,5,0.07555478066205978,6,1.6044306755065918,7,0.8269637823104858,8,2.620453119277954,9,-1.2846307754516602
8990,0,-2.3787119388580322,1,-1.8874927759170532,2,-0.13347308337688446,3,-1.624172329902649,4,1.0130757093429565,5,2.005547046661377,6,1.9066499471664429,7,2.93377947807312,8,1.2242755889892578,9,-0.2820475399494171
8991,0,2.791355848312378,1,-0.9243878722190857,2,-1.7221571207046509,3,-0.5097382068634033,4,1.177033543586731,5,2.979440212249756,6,-1.8753715753555298,7,0.21581685543060303,8,1.7836514711380005,9,1.0508723258972168
8992,0,-1.8435825109481812,1,-2.54565691947937,2,-0.6095841526985168,3,0.9055097103118896,4,0.4472426176071167,5,2.0982232093811035,6,-1.0931646823883057,7,2.242981433868408,8,0.7540593147277832,9,2.363994836807251
8993,0,-1.930964469909668,1,-2.647972583770752,2,-3.047947645187378,3,-0.8454070091247559,4,-2.8163557052612305,5,1.3096364736557007,6,2.1167783737182617,7,2.9483118057250977,8,-1.2468980550765991,9,0.1720399260520935
8994,0,-2.4147586822509766,1,-1.5293828248977661,2,-2.5600295066833496,3,0.9491154551506042,4,2.8105194568634033,5,-2.3576810359954834,6,-2.5213301181793213,7,2.030078411102295,8,2.818143367767334,9,0.43908679485321045
8995,0,-0.5924957990646362,1,-0.9213237762451172,2,0.04616120830178261,3,0.21039742231369019,4,0.22463634610176086,5,1.974112629890442,6,0.8399327993392944,7,1.7127004861831665,8,0.268389493227005,9,2.6477439403533936
8996,0,-2.2487847805023193,1,-1.6536378860473633,2,-2.860323429107666,3,1.9309723377227783,4,-1.133455753326416,5,1.7298903465270996,6,-0.7573139667510986,7,2.263485908508301,8,1.5259453058242798,9,2.491950750350952
8997,0,-1.485606074333191,1,-1.6649725437164307,2,2.7980120182037354,3,-2.5460305213928223,4,-3.1351380348205566,5,0.09807542711496353,6,-0.485080361366272,7,2.124404191970825,8,0.8529213070869446,9,2.0369837284088135
8998,0,-2.8131961822509766,1,-2.6927523612976074,2,0.3752870559692383,3,-1.5534019470214844,4,-0.04445447027683258,5,0.7605751752853394,6,0.2522982656955719,7,2.031639575958252,8,-0.8497902750968933,9,0.5586843490600586
8999,0,-2.567653179168701,1,-1.2775472402572632,2,0.9859865307807922,3,3.1286745071411133,4,2.9006454944610596,5,-0.35309723019599915,6,1.1258028745651245,7,0.8540223240852356,8,1.7699037790298462,9,3.090742349624634
9000,0,-2.82478666305542,1,-0.7852078080177307,2,-3.128591537475586,3,-0.7047069668769836,4,-0.736110270023346,5,0.015638843178749084,6,-1.1339603662490845,7,2.1819558143615723,8,1.9976330995559692,9,0.16232331097126007
9001,0,-2.3699541091918945,1,-2.4143948554992676,2,-1.4864177703857422,3,-0.3943382501602173,4,-0.442647248506546,5,-1.4161672592163086,6,3.0702831745147705,7,-0.3304236829280853,8,1.9226558208465576,9,1.7925418615341187
9002,0,-2.3886027336120605,1,-2.263328790664673,2,-2.7042553424835205,3,-1.0653045177459717,4,2.697350025177002,5,-1.376003384590149,6,0.05688484385609627,7,2.89443302154541,8,-0.255365788936615,9,2.293382406234741
9003,0,-2.671605110168457,1,-2.9933393001556396,2,-1.7708982229232788,3,2.819101095199585,4,2.477997064590454,5,2.575875759124756,6,-0.21522080898284912,7,0.08854202926158905,8,2.5019359588623047,9,2.3389742374420166
9004,0,-0.9631447792053223,1,-1.0558422803878784,2,-0.6327754259109497,3,2.186455488204956,4,-0.8985390067100525,5,2.008017063140869,6,1.0452512502670288,7,-0.22929371893405914,8,1.7779649496078491,9,1.4937509298324585
9005,0,-2.178046941757202,1,-1.5023434162139893,2,-3.081531524658203,3,-0.570516049861908,4,1.5498015880584717,5,0.8303420543670654,6,1.011197566986084,7,1.6827008724212646,8,3.016301155090332,9,2.770134687423706
9006,0,-1.7314927577972412,1,1.1842191219329834,2,1.2442783117294312,3,0.716522753238678,4,0.9414039254188538,5,0.6523234248161316,6,2.2197892665863037,7,2.4271633625030518,8,2.0072052478790283,9,1.6931819915771484
9007,0,-1.832550287246704,1,-1.389843463897705,2,-0.8742508888244629,3,1.3700635433197021,4,-1.1958200931549072,5,-0.7986108064651489,6,2.3531429767608643,7,3.136904239654541,8,2.4546236991882324,9,2.0405328273773193
9008,0,-2.8243155479431152,1,-2.126863718032837,2,1.0035293102264404,3,-0.41439637541770935,4,-0.5727620124816895,5,-0.1014176458120346,6,1.5730289220809937,7,2.1026201248168945,8,1.189707636833191,9,0.034586913883686066
9009,0,-2.785545587539673,1,-2.9367666244506836,2,-1.919697642326355,3,-1.6133450269699097,4,2.5400264263153076,5,-1.2682039737701416,6,0.5881951451301575,7,1.6397594213485718,8,-0.5684056282043457,9,1.7365221977233887
9010,0,-2.3709638118743896,1,-1.5094441175460815,2,3.093271017074585,3,-0.5367366075515747,4,-1.27952241897583,5,-0.26048147678375244,6,-1.7418596744537354,7,1.9163326025009155,8,-2.932161808013916,9,2.158597946166992
9011,0,-2.1296329498291016,1,-1.0022993087768555,2,-0.6948135495185852,3,2.7159297466278076,4,-0.8608629703521729,5,1.7778030633926392,6,0.35909029841423035,7,0.5766128897666931,8,1.1160755157470703,9,1.198089599609375
9012,0,-3.061777114868164,1,-1.6393847465515137,2,-0.230656236410141,3,0.7519170045852661,4,-2.2089426517486572,5,-2.2722623348236084,6,2.279047966003418,7,-0.9200302958488464,8,-2.6666207313537598,9,2.5151937007904053
9013,0,-2.550631046295166,1,-1.0497387647628784,2,-2.976743698120117,3,-3.00936222076416,4,-2.581932544708252,5,3.017869472503662,6,-0.10489599406719208,7,-0.2894541323184967,8,2.8820719718933105,9,-0.07258199900388718
9014,0,-2.461667776107788,1,-0.0005617493879981339,2,-0.762186586856842,3,2.9116997718811035,4,0.13926948606967926,5,-2.9064924716949463,6,0.655297577381134,7,0.559363603591919,8,-0.42914626002311707,9,1.505599856376648
9015,0,-1.9671074151992798,1,-1.5427194833755493,2,0.15571549534797668,3,1.0076656341552734,4,-1.5543606281280518,5,2.6939709186553955,6,2.2897255420684814,7,2.3362720012664795,8,1.9781816005706787,9,-0.21554246544837952
9016,0,-2.9576938152313232,1,-2.4040825366973877,2,-1.2877025604248047,3,-0.9267305731773376,4,-0.598477303981781,5,-0.1885712444782257,6,0.21590222418308258,7,2.4759418964385986,8,-0.41773954033851624,9,0.2372347116470337
9017,0,-2.123260021209717,1,-2.4332082271575928,2,-1.8508273363113403,3,-1.2238713502883911,4,0.5594805479049683,5,-0.33225154876708984,6,1.415289044380188,7,1.7187567949295044,8,2.7515618801116943,9,2.672694444656372
9018,0,-2.0771946907043457,1,-1.6967358589172363,2,2.9050073623657227,3,2.5822227001190186,4,-0.3789481222629547,5,1.6173442602157593,6,2.5174763202667236,7,2.1960556507110596,8,0.24458327889442444,9,1.4210145473480225
9019,0,-2.036318302154541,1,-2.5609939098358154,2,-0.535742461681366,3,0.2674800455570221,4,2.450932264328003,5,-2.9240736961364746,6,-2.3581981658935547,7,1.5610289573669434,8,0.17731443047523499,9,2.204746723175049
9020,0,-2.7385191917419434,1,-2.99348521232605,2,1.2682052850723267,3,-1.4116405248641968,4,0.7316271066665649,5,2.3974268436431885,6,2.0972676277160645,7,-3.1002485752105713,8,2.865934371948242,9,1.9076660871505737
9021,0,-2.888303279876709,1,-1.4102448225021362,2,0.1302369087934494,3,-2.533339262008667,4,0.7870546579360962,5,1.727875828742981,6,0.8167955279350281,7,0.666560709476471,8,-2.8501698970794678,9,1.4163566827774048
9022,0,-2.1787171363830566,1,-1.4054673910140991,2,-1.716296911239624,3,-0.9072758555412292,4,1.5300261974334717,5,2.4810922145843506,6,-1.6034867763519287,7,2.3280839920043945,8,0.8266593813896179,9,3.0983729362487793
9023,0,-2.014740467071533,1,1.057634949684143,2,2.8588171005249023,3,-0.6455927491188049,4,-3.0957133769989014,5,0.6026983261108398,6,2.7610490322113037,7,1.7031389474868774,8,2.5533108711242676,9,0.5700775980949402
9024,0,-2.3144824504852295,1,-2.7884833812713623,2,1.5923740863800049,3,2.2125887870788574,4,-0.7933463454246521,5,3.0387840270996094,6,0.698665201663971,7,-0.269756019115448,8,2.926666021347046,9,2.3998403549194336
9025,0,-1.1804510354995728,1,3.0561277866363525,2,3.003690719604492,3,-1.1542253494262695,4,-0.7470340132713318,5,1.9795804023742676,6,-0.07463978230953217,7,0.7651744484901428,8,0.814585268497467,9,3.0830605030059814
9026,0,-2.547308921813965,1,-1.6026610136032104,2,0.7454215884208679,3,-0.8185822367668152,4,0.6711753606796265,5,1.7598241567611694,6,2.915982961654663,7,0.6865613460540771,8,-0.2860308587551117,9,1.7112140655517578
9027,0,-1.9901342391967773,1,-1.6814885139465332,2,-0.8310001492500305,3,-0.9770990014076233,4,-0.15880097448825836,5,-0.4340878427028656,6,-2.068765163421631,7,2.9948513507843018,8,-0.5285179018974304,9,2.3971827030181885
9028,0,-1.4936262369155884,1,-2.1190671920776367,2,-3.1330366134643555,3,-2.0076327323913574,4,-0.5933699011802673,5,-0.8671979904174805,6,-1.6447415351867676,7,1.8043147325515747,8,2.80198335647583,9,1.0462913513183594
9029,0,-0.5301931500434875,1,-1.6535673141479492,2,-0.8255723714828491,3,0.6316695809364319,4,0.27985283732414246,5,1.7698904275894165,6,2.3430557250976562,7,0.3520130217075348,8,0.28576475381851196,9,3.0609524250030518
9030,0,-2.227910280227661,1,-2.4185125827789307,2,-2.527947187423706,3,-1.3470226526260376,4,-0.38233482837677,5,-1.6740076541900635,6,-0.26148706674575806,7,2.2322824001312256,8,2.2340245246887207,9,2.2334728240966797
9031,0,-1.9179319143295288,1,-2.56284499168396,2,-1.7422884702682495,3,-2.071955442428589,4,-2.8730955123901367,5,1.1949501037597656,6,-0.9680067300796509,7,-3.0869617462158203,8,2.6586556434631348,9,-0.054703254252672195
9032,0,-2.8897013664245605,1,3.1300384998321533,2,-2.4065732955932617,3,-1.2818517684936523,4,-0.20809729397296906,5,2.971517324447632,6,1.898208498954773,7,0.6010933518409729,8,1.6487122774124146,9,2.8702962398529053
9033,0,-1.7674572467803955,1,-2.842323064804077,2,-2.0768771171569824,3,3.1336159706115723,4,-0.5177509188652039,5,1.6731938123703003,6,0.14291273057460785,7,1.083695650100708,8,-1.1998867988586426,9,-1.4845993518829346
9034,0,-2.6281485557556152,1,-2.826141834259033,2,-2.7841262817382812,3,2.461894989013672,4,-2.798985004425049,5,2.3526923656463623,6,0.800711989402771,7,2.4942400455474854,8,0.37987637519836426,9,0.1630544513463974
9035,0,-2.2888734340667725,1,-0.8206127882003784,2,-0.7821406126022339,3,-1.728247880935669,4,0.698951780796051,5,-1.4474011659622192,6,-2.4609439373016357,7,2.7954092025756836,8,1.0849515199661255,9,1.7090530395507812
9036,0,-2.3380043506622314,1,0.9035227298736572,2,-3.106973648071289,3,0.15323488414287567,4,-0.6196519732475281,5,-1.043808102607727,6,0.1159353032708168,7,3.0137271881103516,8,0.4715280830860138,9,0.3957005441188812
9037,0,-1.7280725240707397,1,-1.0555022954940796,2,-1.1647403240203857,3,1.0138802528381348,4,2.2354445457458496,5,0.9257314205169678,6,-2.863354444503784,7,0.08403999358415604,8,2.599881649017334,9,2.4455630779266357
9038,0,-0.8155308961868286,1,-3.1315195560455322,2,1.3374700546264648,3,1.024836540222168,4,-3.0626556873321533,5,-3.024383068084717,6,-0.960932195186615,7,2.5414443016052246,8,0.1453070342540741,9,2.384145975112915
9039,0,-1.9574068784713745,1,-1.5267813205718994,2,-2.3765227794647217,3,-1.3189116716384888,4,1.0815589427947998,5,0.08059728890657425,6,1.6510865688323975,7,2.9008164405822754,8,1.5133848190307617,9,1.010532259941101
9040,0,-2.362293004989624,1,-0.9216585159301758,2,-2.104813575744629,3,0.97603440284729,4,0.03874458000063896,5,-2.287630558013916,6,2.5502350330352783,7,1.9357457160949707,8,0.1939459592103958,9,2.5333096981048584
9041,0,-2.8565642833709717,1,-1.4806807041168213,2,-1.4253747463226318,3,-1.2399944067001343,4,-1.922993779182434,5,2.4658501148223877,6,1.2621092796325684,7,-3.0225796699523926,8,0.8830927610397339,9,2.3862812519073486
9042,0,-2.6453821659088135,1,2.1426138877868652,2,-1.365653395652771,3,-1.3319556713104248,4,0.9272871613502502,5,-0.7434599995613098,6,1.547858476638794,7,1.5718402862548828,8,1.3645920753479004,9,2.147799253463745
9043,0,-1.974547028541565,1,-2.305075168609619,2,-2.259364604949951,3,-0.9584817886352539,4,-2.2770564556121826,5,2.2914798259735107,6,2.254948616027832,7,0.20636442303657532,8,1.1352626085281372,9,1.7856323719024658
9044,0,2.766016721725464,1,-1.211150050163269,2,-1.9888851642608643,3,-2.927776575088501,4,-0.5820950269699097,5,2.18532133102417,6,0.8520357608795166,7,-1.3613096475601196,8,-1.7456024885177612,9,0.02707783132791519
9045,0,-1.7599509954452515,1,-2.7399978637695312,2,2.0637593269348145,3,-1.0850051641464233,4,2.823491334915161,5,2.1812031269073486,6,1.9644674062728882,7,2.2773334980010986,8,-0.5210900902748108,9,2.887686014175415
9046,0,-2.895218849182129,1,-2.653623580932617,2,-1.3228003978729248,3,-1.4834332466125488,4,0.08150256425142288,5,0.10238131135702133,6,0.2143394500017166,7,-0.49800658226013184,8,2.6602916717529297,9,3.040140390396118
9047,0,-1.33078134059906,1,-0.8595151305198669,2,-0.06519368290901184,3,2.2937874794006348,4,2.2052626609802246,5,-0.23854847252368927,6,1.360982060432434,7,0.45240482687950134,8,0.5402247309684753,9,2.2468488216400146
9048,0,-1.7359809875488281,1,-2.900510549545288,2,-1.9241291284561157,3,0.8904531598091125,4,1.8133232593536377,5,1.3699097633361816,6,2.709260940551758,7,2.2643890380859375,8,1.578708291053772,9,1.725372076034546
9049,0,-1.851328730583191,1,-2.9095373153686523,2,2.453479766845703,3,-1.5681583881378174,4,1.1823092699050903,5,0.674689769744873,6,2.074345111846924,7,-1.2996559143066406,8,1.0042414665222168,9,0.4204564094543457
9050,0,-1.2590959072113037,1,2.89031720161438,2,0.8248329162597656,3,-0.5509988069534302,4,-0.13249699771404266,5,1.6617722511291504,6,1.54822838306427,7,2.843008518218994,8,-1.3046633005142212,9,0.5731135010719299
9051,0,-2.8342602252960205,1,-1.862303376197815,2,-0.8706715703010559,3,-0.48727530241012573,4,2.2220137119293213,5,-0.39746323227882385,6,0.9840089082717896,7,1.4928992986679077,8,1.8098381757736206,9,2.241478204727173
9052,0,-1.8141599893569946,1,-0.43087702989578247,2,-1.1192641258239746,3,-0.15564170479774475,4,2.316706895828247,5,-2.5979726314544678,6,0.21611620485782623,7,1.7671451568603516,8,-2.914297342300415,9,1.9575263261795044
9053,0,-1.7622168064117432,1,-0.8340066075325012,2,-1.4800258874893188,3,-0.8129714131355286,4,-1.1480014324188232,5,1.4912070035934448,6,2.617455005645752,7,1.3943778276443481,8,-0.3136253356933594,9,-1.1475529670715332
9054,0,-1.7853180170059204,1,-1.209396243095398,2,2.942326068878174,3,-2.744472026824951,4,1.6557666063308716,5,0.6525570750236511,6,2.7708373069763184,7,-0.4647206664085388,8,1.2710891962051392,9,-0.41546764969825745
9055,0,-1.6142566204071045,1,-0.4087684154510498,2,0.42023488879203796,3,1.0977766513824463,4,3.1126420497894287,5,2.572760820388794,6,2.021240711212158,7,2.108924627304077,8,-1.1714423894882202,9,2.147888660430908
9056,0,-2.3114371299743652,1,-2.7777299880981445,2,-1.5601918697357178,3,-2.0627801418304443,4,-2.15494966506958,5,2.098292350769043,6,-0.04275034740567207,7,2.821281909942627,8,1.0243016481399536,9,1.853519320487976
9057,0,-2.447568655014038,1,-1.1662192344665527,2,2.697664737701416,3,0.8900794982910156,4,-0.9312331676483154,5,2.9039084911346436,6,1.9629766941070557,7,1.684881329536438,8,2.721942901611328,9,1.8847264051437378
9058,0,-0.7166669368743896,1,-1.9682685136795044,2,-0.9581905603408813,3,0.832263171672821,4,1.2254133224487305,5,1.8213121891021729,6,0.8172570466995239,7,2.5274999141693115,8,0.48917877674102783,9,0.4747675359249115
9059,0,-2.718533754348755,1,-2.799753427505493,2,-2.681734323501587,3,-2.7666685581207275,4,-1.774705171585083,5,1.471270203590393,6,0.9849613904953003,7,2.1633927822113037,8,0.5196936726570129,9,2.093743085861206
9060,0,-1.2026911973953247,1,-2.936725378036499,2,-1.3103013038635254,3,0.9753891229629517,4,2.3990817070007324,5,0.3494819104671478,6,-0.2966062128543854,7,2.7652974128723145,8,0.9028257131576538,9,0.21358108520507812
9061,0,-2.6970667839050293,1,-2.794420003890991,2,-1.2758387327194214,3,-1.3325875997543335,4,-2.730135679244995,5,-0.7929990887641907,6,-0.3248640298843384,7,1.7412670850753784,8,-0.8187294006347656,9,-0.0435238741338253
9062,0,-2.6667068004608154,1,-2.170593023300171,2,-1.461653232574463,3,0.40265029668807983,4,-2.654097318649292,5,1.7920669317245483,6,0.7453467845916748,7,2.7606494426727295,8,2.3798670768737793,9,2.7954213619232178
9063,0,-2.100257635116577,1,-1.1272863149642944,2,1.0092418193817139,3,1.200478196144104,4,2.918365240097046,5,1.361697793006897,6,-1.669763445854187,7,1.2360336780548096,8,0.6713627576828003,9,-1.180909514427185
9064,0,-1.7813881635665894,1,2.7256124019622803,2,3.1363935470581055,3,-1.342513084411621,4,-0.5252172946929932,5,0.4352670907974243,6,-0.23134244978427887,7,1.923242449760437,8,2.6530141830444336,9,2.3708925247192383
9065,0,-2.4131336212158203,1,-1.808583378791809,2,-2.7911877632141113,3,-0.4798906743526459,4,-1.7948087453842163,5,2.6478703022003174,6,-2.130952835083008,7,-2.5351579189300537,8,-2.6447463035583496,9,0.02021471969783306
9066,0,-1.7210071086883545,1,-2.8928818702697754,2,-1.5171687602996826,3,3.1136581897735596,4,-0.10734157264232635,5,2.6181721687316895,6,1.0538127422332764,7,1.9758223295211792,8,0.6131049990653992,9,0.5495809316635132
9067,0,-1.629386305809021,1,-1.5210106372833252,2,-2.626969814300537,3,2.8469226360321045,4,0.03754214942455292,5,0.1229306310415268,6,2.522644519805908,7,0.03408201038837433,8,1.3901641368865967,9,0.22046110033988953
9068,0,-3.1220645904541016,1,-2.553039312362671,2,2.329584836959839,3,-0.5795934796333313,4,-3.1120996475219727,5,2.059739589691162,6,1.9729605913162231,7,1.788496732711792,8,2.6388416290283203,9,0.21598973870277405
9069,0,-1.8186326026916504,1,-1.6660847663879395,2,2.5205180644989014,3,-1.3769890069961548,4,0.6417263150215149,5,0.08587583154439926,6,-1.1022567749023438,7,0.7117794156074524,8,2.615677833557129,9,1.9649263620376587
9070,0,-2.2926828861236572,1,-1.3256704807281494,2,0.07379971444606781,3,0.8663905262947083,4,-0.8916220664978027,5,-2.1365294456481934,6,0.1969432830810547,7,1.676164984703064,8,0.3923436999320984,9,1.9273613691329956
9071,0,-1.9359102249145508,1,-2.6771275997161865,2,-2.436412811279297,3,-1.8149479627609253,4,-0.8636376261711121,5,2.577212333679199,6,1.597261905670166,7,0.8555004596710205,8,1.0981725454330444,9,-1.7526576519012451
9072,0,-2.27436900138855,1,-0.5899814963340759,2,1.0902965068817139,3,2.6940128803253174,4,1.0772000551223755,5,2.958559274673462,6,2.9716687202453613,7,1.704527497291565,8,1.7067219018936157,9,1.5796600580215454
9073,0,-1.3994368314743042,1,-0.6097263693809509,2,-2.1296026706695557,3,-2.88677978515625,4,-1.3784708976745605,5,-2.391909122467041,6,-0.48867636919021606,7,1.1220167875289917,8,0.6776861548423767,9,0.10929851979017258
9074,0,-2.4213449954986572,1,-1.0934243202209473,2,0.025806348770856857,3,-0.13239848613739014,4,2.250920057296753,5,2.804168224334717,6,-1.8416740894317627,7,1.4689273834228516,8,1.774469256401062,9,2.601309299468994
9075,0,-1.5653197765350342,1,-1.6917604207992554,2,-2.2487540245056152,3,-1.3560593128204346,4,-0.5895622372627258,5,2.4864799976348877,6,-1.026646375656128,7,-0.7638181447982788,8,2.1532397270202637,9,-1.6833075284957886
9076,0,-2.5115556716918945,1,-1.5571316480636597,2,-0.2298593819141388,3,-0.5543132424354553,4,1.5105348825454712,5,0.05781813710927963,6,0.5371572971343994,7,2.921199321746826,8,1.5089601278305054,9,1.5820677280426025
9077,0,-1.7675968408584595,1,3.0972957611083984,2,-2.1126129627227783,3,0.8028615713119507,4,0.45500898361206055,5,0.9994264841079712,6,-3.065814971923828,7,0.9255290627479553,8,1.5539429187774658,9,0.5314489603042603
9078,0,-2.9994561672210693,1,-2.524120330810547,2,0.3040016293525696,3,-0.7113500833511353,4,2.952542304992676,5,2.282282829284668,6,0.082271508872509,7,-0.18932679295539856,8,2.4719016551971436,9,0.27380287647247314
9079,0,-1.7984262704849243,1,-2.0288684368133545,2,-1.968948483467102,3,1.047544240951538,4,0.8631137609481812,5,-0.05542973801493645,6,-1.8928419351577759,7,-2.0330278873443604,8,-0.20218588411808014,9,2.198969841003418
9080,0,-2.1535916328430176,1,2.490682363510132,2,-0.40635424852371216,3,1.180120587348938,4,0.8561787605285645,5,2.6678009033203125,6,2.4380459785461426,7,2.0838704109191895,8,1.6333802938461304,9,2.081789970397949
9081,0,-2.647738456726074,1,-1.896710991859436,2,-2.87600040435791,3,-2.0443387031555176,4,-3.063821792602539,5,-1.1413685083389282,6,-0.13747113943099976,7,0.7317746877670288,8,-2.45145845413208,9,1.5466465950012207
9082,0,-1.5252406597137451,1,2.820396661758423,2,-2.848229169845581,3,-0.09294389188289642,4,-2.55171537399292,5,2.990654945373535,6,0.4152478277683258,7,2.725785493850708,8,2.0353822708129883,9,0.38694149255752563
9083,0,-1.1853970289230347,1,-2.1088178157806396,2,-1.4890633821487427,3,-1.982132077217102,4,-0.22080601751804352,5,2.811616897583008,6,-1.8387210369110107,7,-0.014752964489161968,8,1.3507686853408813,9,2.775763988494873
9084,0,-2.655756950378418,1,-0.5120258927345276,2,-1.2031726837158203,3,2.371396780014038,4,-2.0563430786132812,5,0.6587795615196228,6,0.7202498912811279,7,2.7697627544403076,8,0.8789836168289185,9,-1.18274986743927
9085,0,-2.618190288543701,1,-0.7594707608222961,2,-1.1945862770080566,3,1.3858106136322021,4,-2.671299457550049,5,0.3296721875667572,6,-2.7234106063842773,7,-1.2421642541885376,8,-0.5780090689659119,9,0.6264376044273376
9086,0,-2.21366548538208,1,-0.8851279616355896,2,3.1138134002685547,3,-1.345288634300232,4,-0.5805656313896179,5,0.522311270236969,6,1.3519821166992188,7,2.0634145736694336,8,-0.6178722381591797,9,1.1221106052398682
9087,0,-2.915990114212036,1,-0.7843944430351257,2,2.9069981575012207,3,-1.755178689956665,4,-1.1918696165084839,5,1.8906075954437256,6,0.9515857696533203,7,0.42603588104248047,8,0.15597517788410187,9,0.23653216660022736
9088,0,-2.66833233833313,1,-1.8486634492874146,2,-2.236530065536499,3,0.8771225214004517,4,3.0827999114990234,5,2.5268239974975586,6,-0.16657023131847382,7,2.980696439743042,8,2.9942541122436523,9,3.0759246349334717
9089,0,-2.854924440383911,1,-1.7459032535552979,2,2.4173176288604736,3,-1.6547136306762695,4,-2.9560346603393555,5,-0.3426671326160431,6,0.9713380336761475,7,0.7913589477539062,8,-2.2437610626220703,9,2.659775495529175
9090,0,-1.5579776763916016,1,-1.445075273513794,2,-2.315279960632324,3,1.2203277349472046,4,-0.4462520480155945,5,-1.8082398176193237,6,1.7783366441726685,7,0.07577856630086899,8,0.8711761832237244,9,1.7886202335357666
9091,0,-2.953813076019287,1,-0.6530734300613403,2,1.2248280048370361,3,2.1027863025665283,4,2.143665313720703,5,0.7676764130592346,6,2.195183515548706,7,2.7867660522460938,8,1.6660248041152954,9,1.7830613851547241
9092,0,-1.3721696138381958,1,-0.7851583957672119,2,-1.7060189247131348,3,2.9322919845581055,4,1.34395432472229,5,-0.3830636441707611,6,-1.2192978858947754,7,0.41077935695648193,8,-1.0921237468719482,9,0.8345913887023926
9093,0,-1.644757628440857,1,-1.8551360368728638,2,0.02922230027616024,3,-0.9545005559921265,4,-0.5228816270828247,5,-0.5663358569145203,6,0.7541255950927734,7,0.9633633494377136,8,-0.4750325083732605,9,-0.33939334750175476
9094,0,-2.1874821186065674,1,-1.3952734470367432,2,1.3251293897628784,3,-1.0129708051681519,4,-0.8728163838386536,5,0.1133139580488205,6,2.0648996829986572,7,2.9441440105438232,8,1.5382002592086792,9,1.3789442777633667
9095,0,-3.0195624828338623,1,-2.7931787967681885,2,-2.2463550567626953,3,-1.2125566005706787,4,0.23507480323314667,5,0.7008990049362183,6,0.3431325852870941,7,2.196042776107788,8,2.4049148559570312,9,0.3466132879257202
9096,0,-2.6639745235443115,1,-2.3048789501190186,2,-1.2916545867919922,3,-1.436635136604309,4,-0.5610767602920532,5,2.4557642936706543,6,1.080792784690857,7,0.7563778758049011,8,-2.555152654647827,9,1.9076664447784424
9097,0,-1.8283008337020874,1,0.06541317701339722,2,2.5984511375427246,3,-1.059645414352417,4,1.1595046520233154,5,0.266979455947876,6,2.3228166103363037,7,0.4659314453601837,8,2.644383430480957,9,1.1830992698669434
9098,0,-1.539821743965149,1,2.9669227600097656,2,-2.6536054611206055,3,3.0236117839813232,4,2.193183660507202,5,1.5030802488327026,6,-3.040440320968628,7,0.5560866594314575,8,0.15090173482894897,9,0.5058316588401794
9099,0,-1.5708773136138916,1,-2.7141311168670654,2,-1.1821999549865723,3,-3.096118927001953,4,-0.8840724229812622,5,0.2782815992832184,6,2.8476686477661133,7,-0.23761604726314545,8,1.9285626411437988,9,-3.0771310329437256
9100,0,-2.803985834121704,1,-1.4675977230072021,2,-0.4422813057899475,3,-0.9540836811065674,4,-0.693821132183075,5,0.4488699734210968,6,-0.28030362725257874,7,2.187725305557251,8,-1.3398383855819702,9,0.27180716395378113
9101,0,-1.564234972000122,1,-2.119032144546509,2,-2.778115749359131,3,0.7424920201301575,4,-1.402366042137146,5,-2.412491798400879,6,2.810354471206665,7,0.4806888997554779,8,2.446363925933838,9,1.8748445510864258
9102,0,-2.368614435195923,1,1.0542432069778442,2,-2.8360347747802734,3,-1.2101621627807617,4,1.0010030269622803,5,1.0081135034561157,6,-0.7014840245246887,7,1.9517513513565063,8,2.997178077697754,9,1.5161408185958862
9103,0,-1.860336184501648,1,-2.7110490798950195,2,-1.221481204032898,3,1.2253974676132202,4,-1.2393959760665894,5,-1.616909146308899,6,1.1077872514724731,7,-1.8599961996078491,8,2.5766656398773193,9,0.8804962038993835
9104,0,-1.9990471601486206,1,-2.7743546962738037,2,1.1814042329788208,3,0.5628312230110168,4,-1.8566585779190063,5,0.24000079929828644,6,1.8010627031326294,7,2.1249165534973145,8,1.0116875171661377,9,2.0531222820281982
9105,0,-1.8693183660507202,1,-2.2540297508239746,2,-2.1397364139556885,3,-3.0232994556427,4,-2.1527633666992188,5,-0.008560010232031345,6,-2.597276449203491,7,-1.6365878582000732,8,-2.017923355102539,9,0.3383597433567047
9106,0,-2.7421834468841553,1,-2.131047010421753,2,-3.122879981994629,3,-1.1499830484390259,4,2.699047565460205,5,2.48625111579895,6,0.834994375705719,7,1.8591909408569336,8,1.4678897857666016,9,-2.395922899246216
9107,0,-2.2217376232147217,1,-1.0204625129699707,2,-2.8967912197113037,3,-1.1306195259094238,4,2.0050508975982666,5,0.45205268263816833,6,-1.8024779558181763,7,-0.5378285646438599,8,1.303166151046753,9,2.509676933288574
9108,0,-2.522745370864868,1,-2.2508387565612793,2,1.2898350954055786,3,-1.392461895942688,4,-2.266417980194092,5,0.12406520545482635,6,-3.0387632846832275,7,0.5654230117797852,8,1.3255386352539062,9,-2.7178852558135986
9109,0,-1.887772560119629,1,-1.7695153951644897,2,-2.2502293586730957,3,-1.2887351512908936,4,-2.6919262409210205,5,2.935397148132324,6,2.8302924633026123,7,1.6547181606292725,8,0.3712941110134125,9,2.5194127559661865
9110,0,-3.122860908508301,1,-1.316115379333496,2,0.16538946330547333,3,1.2775473594665527,4,0.10265690088272095,5,3.0823633670806885,6,0.9879515171051025,7,1.6366307735443115,8,1.2408219575881958,9,2.2537312507629395
9111,0,-2.867419719696045,1,-2.933110475540161,2,0.5486522316932678,3,-1.407832384109497,4,0.5178585648536682,5,-3.1261208057403564,6,2.810565710067749,7,2.398881435394287,8,1.1060082912445068,9,2.744338035583496
9112,0,0.15538249909877777,1,-2.445971727371216,2,1.1338603496551514,3,-1.510995864868164,4,2.234483003616333,5,0.49733924865722656,6,-0.31346529722213745,7,1.7148303985595703,8,-1.327448844909668,9,0.11374696344137192
9113,0,-2.751652479171753,1,-2.001638412475586,2,-1.8727647066116333,3,-0.9421302080154419,4,-1.6028950214385986,5,-1.2960819005966187,6,-1.5338622331619263,7,0.44343939423561096,8,1.3205037117004395,9,0.953346312046051
9114,0,-2.7264647483825684,1,2.617553472518921,2,0.9372256994247437,3,-3.0364670753479004,4,2.38081431388855,5,1.6250897645950317,6,1.8170514106750488,7,0.103700652718544,8,0.4036402106285095,9,-0.27769896388053894
9115,0,-2.3341782093048096,1,-0.8462713956832886,2,2.857034921646118,3,-1.1783143281936646,4,0.3806632459163666,5,-0.1805029958486557,6,-3.082892894744873,7,1.5385265350341797,8,1.3325124979019165,9,0.3508622348308563
9116,0,-1.8713395595550537,1,-2.8287160396575928,2,-2.66190505027771,3,-0.775838315486908,4,-1.5718632936477661,5,2.2645230293273926,6,0.40292635560035706,7,0.515929639339447,8,-1.2976641654968262,9,2.1887261867523193
9117,0,-1.4254634380340576,1,-2.2498779296875,2,-2.1086928844451904,3,-1.9787920713424683,4,1.1501600742340088,5,0.11077480763196945,6,-2.734614372253418,7,1.6053929328918457,8,-1.052112102508545,9,0.9715455770492554
9118,0,-2.3376834392547607,1,-1.231580138206482,2,-1.5209249258041382,3,-2.98653244972229,4,-2.257251739501953,5,2.729572296142578,6,-1.9438896179199219,7,2.9171395301818848,8,0.5728030800819397,9,1.7225680351257324
9119,0,-2.730729103088379,1,-0.26158013939857483,2,-0.9548298716545105,3,1.2169080972671509,4,1.7714250087738037,5,-1.9369410276412964,6,1.5939425230026245,7,0.520907461643219,8,3.003399610519409,9,1.7998616695404053
9120,0,-2.464672327041626,1,-0.34050747752189636,2,-0.7593646049499512,3,-0.4326912462711334,4,-2.483067274093628,5,1.082605242729187,6,0.2916202247142792,7,0.6868969798088074,8,0.8239883184432983,9,0.8743071556091309
9121,0,2.021933078765869,1,-2.9980263710021973,2,-2.2572009563446045,3,-0.6441264152526855,4,1.4962985515594482,5,-1.070966124534607,6,-2.4771676063537598,7,2.7674479484558105,8,-0.8942645192146301,9,1.9584059715270996
9122,0,-2.4365105628967285,1,-1.9275599718093872,2,1.369492769241333,3,1.1132184267044067,4,1.4290310144424438,5,1.3323060274124146,6,2.307889461517334,7,0.45880481600761414,8,0.8852159976959229,9,2.041311025619507
9123,0,-1.0679506063461304,1,-1.0239561796188354,2,-3.13029408454895,3,0.9283230304718018,4,-1.191298007965088,5,0.24421945214271545,6,1.5105992555618286,7,2.5526840686798096,8,1.4844191074371338,9,2.2559924125671387
9124,0,-2.871188163757324,1,-3.0486152172088623,2,-1.1867982149124146,3,-1.762062907218933,4,-0.7598278522491455,5,1.776613473892212,6,-1.8664311170578003,7,-2.016817569732666,8,-3.1156909465789795,9,1.8599803447723389
9125,0,-1.5961945056915283,1,-1.1010165214538574,2,-1.7455140352249146,3,-0.1877320557832718,4,0.5389361381530762,5,1.4453927278518677,6,-1.2935328483581543,7,0.5062910318374634,8,2.9245734214782715,9,1.7913782596588135
9126,0,-2.158766031265259,1,-0.10947102308273315,2,2.888479709625244,3,-2.9317331314086914,4,2.323057174682617,5,2.2683346271514893,6,2.600796937942505,7,1.9515012502670288,8,0.4747585654258728,9,2.3819358348846436
9127,0,-2.4812355041503906,1,-2.8153703212738037,2,-1.6775872707366943,3,-0.6618882417678833,4,-0.012179086916148663,5,2.1353800296783447,6,2.2850921154022217,7,-0.17941930890083313,8,-0.07240533083677292,9,1.7988632917404175
9128,0,-1.8481569290161133,1,-0.7766968607902527,2,1.1624408960342407,3,1.430397391319275,4,-0.21401870250701904,5,0.42642155289649963,6,2.564116954803467,7,1.6443901062011719,8,0.8041148781776428,9,0.2791612446308136
9129,0,-1.1771609783172607,1,-2.4167966842651367,2,-0.7948879599571228,3,-3.109710693359375,4,-1.8569469451904297,5,0.35885006189346313,6,2.5851120948791504,7,2.070249319076538,8,0.23031720519065857,9,0.5832276344299316
9130,0,-2.215393304824829,1,-2.654949426651001,2,-1.1220450401306152,3,-0.567656934261322,4,1.713689923286438,5,-2.8241920471191406,6,0.8144992589950562,7,1.9456008672714233,8,-0.326744943857193,9,0.8061946034431458
9131,0,-2.251680612564087,1,-2.580965042114258,2,-1.1865121126174927,3,0.7830142378807068,4,-1.0986993312835693,5,2.1640937328338623,6,-1.6389094591140747,7,1.5909172296524048,8,2.5180773735046387,9,2.818145513534546
9132,0,-3.0788021087646484,1,-2.4660589694976807,2,-0.4114909768104553,3,1.1625438928604126,4,0.7597028017044067,5,0.13916827738285065,6,2.068350315093994,7,2.831592082977295,8,-1.0385199785232544,9,1.7220773696899414
9133,0,-2.017939567565918,1,1.1378912925720215,2,3.122133255004883,3,1.0500315427780151,4,1.0439010858535767,5,2.405832529067993,6,1.7987360954284668,7,-1.2833471298217773,8,-0.6886224150657654,9,1.9296917915344238
9134,0,-2.6358540058135986,1,-2.76987886428833,2,-2.136784553527832,3,-0.33895620703697205,4,2.234581232070923,5,1.1046607494354248,6,-0.4415249526500702,7,1.328173279762268,8,-0.6192998886108398,9,2.2616705894470215
9135,0,-2.7903401851654053,1,-0.08752652257680893,2,-2.101350784301758,3,-2.311506509780884,4,-3.0601274967193604,5,-0.32854893803596497,6,-0.48922809958457947,7,0.6739586591720581,8,1.5883961915969849,9,2.0021615028381348
9136,0,-0.8579556941986084,1,3.0386910438537598,2,-0.5106403827667236,3,2.1747326850891113,4,-0.782583475112915,5,0.7458054423332214,6,0.05519775673747063,7,1.105717658996582,8,2.4004549980163574,9,-2.9925777912139893
9137,0,-1.3128281831741333,1,-0.035293061286211014,2,3.057957887649536,3,1.2641323804855347,4,1.1624282598495483,5,2.5940194129943848,6,1.4741877317428589,7,2.433608055114746,8,0.21298746764659882,9,1.6580113172531128
9138,0,-1.820568323135376,1,-1.861922025680542,2,-1.2781020402908325,3,-1.9830600023269653,4,-1.1659711599349976,5,1.517225980758667,6,-1.027649164199829,7,-0.6373351812362671,8,2.7191054821014404,9,0.5403185486793518
9139,0,3.1045947074890137,1,-0.2237257957458496,2,0.9606531262397766,3,0.5819477438926697,4,0.48236143589019775,5,2.0779104232788086,6,2.786423444747925,7,2.4215245246887207,8,2.057924747467041,9,2.800225019454956
9140,0,-2.0565972328186035,1,-3.064964771270752,2,-2.1417133808135986,3,0.042588118463754654,4,2.9039206504821777,5,-0.08395633101463318,6,1.3926128149032593,7,1.5232160091400146,8,1.0370920896530151,9,0.9000094532966614
9141,0,-1.6156692504882812,1,-1.7012133598327637,2,2.5126523971557617,3,-2.2246510982513428,4,-1.6815049648284912,5,-1.3981962203979492,6,-1.9040333032608032,7,2.9020142555236816,8,-0.7366060614585876,9,-0.6241692304611206
9142,0,-2.9659268856048584,1,-2.7233991622924805,2,-2.728299856185913,3,-0.1867557317018509,4,1.8355991840362549,5,-0.3879879415035248,6,-0.6082705855369568,7,2.973557949066162,8,2.7117323875427246,9,2.2755186557769775
9143,0,-2.0418105125427246,1,-0.41059285402297974,2,-0.32415300607681274,3,0.7836716175079346,4,0.712629497051239,5,0.056326549500226974,6,2.2413501739501953,7,2.246579647064209,8,2.7746078968048096,9,2.1767396926879883
9144,0,-1.9589996337890625,1,-3.1415045261383057,2,1.3396682739257812,3,-2.6535165309906006,4,-2.6651575565338135,5,1.9918477535247803,6,1.8437734842300415,7,2.1413588523864746,8,2.9371306896209717,9,-0.2486822009086609
9145,0,-2.3617844581604004,1,-1.7328096628189087,2,-0.658967137336731,3,-1.1438730955123901,4,0.8136367201805115,5,2.98544979095459,6,0.3142205476760864,7,-2.648019552230835,8,2.1274940967559814,9,1.8728995323181152
9146,0,-2.8744683265686035,1,-3.13419508934021,2,-2.18931245803833,3,-2.0084598064422607,4,-0.9300376772880554,5,3.0623679161071777,6,1.216714859008789,7,0.7403707504272461,8,-1.2733021974563599,9,2.353234052658081
9147,0,-1.0650852918624878,1,-0.9067878723144531,2,0.8065103888511658,3,-1.5257809162139893,4,1.1208089590072632,5,0.44510722160339355,6,2.1758530139923096,7,2.371098518371582,8,1.1685246229171753,9,1.1443735361099243
9148,0,-2.8778114318847656,1,-0.5490446090698242,2,-2.7983081340789795,3,0.10709279030561447,4,0.8661643266677856,5,0.70319002866745,6,-0.47812867164611816,7,3.0377676486968994,8,0.990477442741394,9,1.6553505659103394
9149,0,-1.7651135921478271,1,-1.5958797931671143,2,-1.4334982633590698,3,-2.8032166957855225,4,1.4573876857757568,5,1.0347918272018433,6,1.0430784225463867,7,-0.39320290088653564,8,-1.3143768310546875,9,0.42589518427848816
9150,0,-2.466096878051758,1,1.4998453855514526,2,0.9430868029594421,3,1.3429343700408936,4,-1.3027794361114502,5,1.674445390701294,6,-3.0812859535217285,7,1.304317831993103,8,0.8152676820755005,9,0.35292354226112366
9151,0,-0.5826910734176636,1,-2.583498954772949,2,-1.78098726272583,3,1.298841953277588,4,-1.0776973962783813,5,1.7641626596450806,6,1.4334704875946045,7,2.4468727111816406,8,-0.5058417916297913,9,0.719157874584198
9152,0,-2.2908694744110107,1,-0.8496578335762024,2,-1.7461858987808228,3,1.517638921737671,4,1.3241394758224487,5,0.5653471946716309,6,1.43324613571167,7,2.209768056869507,8,-0.044562917202711105,9,2.7606825828552246
9153,0,-1.4078971147537231,1,-1.2450358867645264,2,2.3857970237731934,3,-0.8174524903297424,4,2.741943120956421,5,2.0778567790985107,6,2.5129942893981934,7,1.9207472801208496,8,0.8771357536315918,9,2.3680100440979004
9154,0,-2.7108659744262695,1,-1.7631977796554565,2,-2.4383530616760254,3,-3.0554399490356445,4,-0.20536330342292786,5,2.3219339847564697,6,-0.05541113764047623,7,1.8881927728652954,8,0.8580545783042908,9,2.4294285774230957
9155,0,-2.019224166870117,1,-2.8079967498779297,2,-0.9653612971305847,3,-1.3277990818023682,4,-2.83807373046875,5,2.7079033851623535,6,0.9088056683540344,7,-0.8768861293792725,8,0.3149486482143402,9,1.4078900814056396
9156,0,-2.9432485103607178,1,-0.2180653214454651,2,-1.9772727489471436,3,-0.8183703422546387,4,0.011880015954375267,5,-0.6737334132194519,6,-1.3098969459533691,7,0.6334422826766968,8,-1.2303192615509033,9,1.93018639087677
9157,0,-1.9848560094833374,1,-1.0597089529037476,2,1.520369529724121,3,-2.3272979259490967,4,-0.034581396728754044,5,2.740631580352783,6,1.8554751873016357,7,0.17616117000579834,8,0.10358410328626633,9,2.790323257446289
9158,0,-2.509495496749878,1,-1.7277352809906006,2,-2.750607490539551,3,3.0972073078155518,4,-0.9931575059890747,5,2.359588861465454,6,-0.051075562834739685,7,-0.9490607380867004,8,0.9769015908241272,9,1.8177584409713745
9159,0,-1.7933517694473267,1,-3.075984001159668,2,0.9858006834983826,3,-0.9583948254585266,4,2.9274957180023193,5,1.8866164684295654,6,2.66992449760437,7,0.7491881847381592,8,1.1187204122543335,9,0.63777095079422
9160,0,-2.6424379348754883,1,-2.9170522689819336,2,-2.1433184146881104,3,-0.029493078589439392,4,1.0274388790130615,5,1.9910578727722168,6,2.08654522895813,7,0.7134124636650085,8,0.9682015776634216,9,3.0117225646972656
9161,0,-1.5857620239257812,1,-2.9118266105651855,2,-1.9781346321105957,3,1.160696029663086,4,2.82907772064209,5,-0.8845953345298767,6,-0.49469777941703796,7,1.6725122928619385,8,0.34217989444732666,9,0.21899010241031647
9162,0,-2.6759870052337646,1,-0.005843578837811947,2,0.5464866161346436,3,2.200967311859131,4,1.4571973085403442,5,1.8428778648376465,6,2.159841775894165,7,1.7545807361602783,8,0.6939730048179626,9,2.761831760406494
9163,0,-2.0281636714935303,1,-2.0195791721343994,2,-2.005277395248413,3,0.12498093396425247,4,-2.156843662261963,5,1.0129649639129639,6,-1.2008124589920044,7,2.7498652935028076,8,2.910552740097046,9,0.7388794422149658
9164,0,-3.1033639907836914,1,-1.6245335340499878,2,-0.7268233299255371,3,-2.1707231998443604,4,0.926815927028656,5,-1.3081704378128052,6,2.3777873516082764,7,3.000781774520874,8,-1.3009699583053589,9,2.7868077754974365
9165,0,-1.6476764678955078,1,-1.126343011856079,2,-1.015052080154419,3,-0.2900204062461853,4,-0.923072874546051,5,0.5921397805213928,6,0.08374883979558945,7,1.3880655765533447,8,1.3547483682632446,9,2.259503126144409
9166,0,-2.134965658187866,1,-0.7634747624397278,2,-0.726198673248291,3,-0.5920048952102661,4,-2.953882932662964,5,0.8613982200622559,6,-1.382685899734497,7,1.6953903436660767,8,1.504323124885559,9,1.3065444231033325
9167,0,-2.898883104324341,1,-0.9306468963623047,2,-2.141260862350464,3,-0.11293940246105194,4,1.0688183307647705,5,0.13964787125587463,6,1.1719954013824463,7,2.8789353370666504,8,1.730865240097046,9,2.228806972503662
9168,0,3.0752129554748535,1,2.532258987426758,2,-2.9913363456726074,3,2.932573080062866,4,1.2614003419876099,5,-1.1661772727966309,6,-2.172165632247925,7,-0.9094709753990173,8,2.4449470043182373,9,1.294461727142334
9169,0,-2.8415637016296387,1,-2.7607364654541016,2,2.957834005355835,3,-2.8423502445220947,4,-2.8629908561706543,5,2.183830738067627,6,1.8355634212493896,7,2.665189743041992,8,-2.910532236099243,9,2.1898603439331055
9170,0,-1.912227988243103,1,-1.141492247581482,2,-1.8035783767700195,3,0.9382016062736511,4,-1.8226057291030884,5,0.030813567340373993,6,-0.5768800973892212,7,0.13712482154369354,8,2.506242275238037,9,-1.3781086206436157
9171,0,-2.8931753635406494,1,-1.6085094213485718,2,-2.5513699054718018,3,-0.498979389667511,4,0.7978016138076782,5,-0.7921739816665649,6,-2.213559627532959,7,0.8548862934112549,8,1.9573795795440674,9,1.5280040502548218
9172,0,-1.8618500232696533,1,-2.4062368869781494,2,-0.09117728471755981,3,-2.601691246032715,4,-1.0095142126083374,5,0.9136780500411987,6,0.08806519210338593,7,0.48335179686546326,8,-2.0364997386932373,9,0.2304680347442627
9173,0,-1.4720138311386108,1,-2.724989414215088,2,-2.053133964538574,3,-2.1161978244781494,4,-2.7044928073883057,5,-0.8928354978561401,6,2.895261526107788,7,2.8751025199890137,8,1.4949272871017456,9,1.6266065835952759
9174,0,-1.635169506072998,1,-0.4457867741584778,2,-0.45067957043647766,3,-3.0287017822265625,4,1.4209834337234497,5,0.8965571522712708,6,1.7713450193405151,7,1.9285862445831299,8,-0.2678917944431305,9,1.6297696828842163
9175,0,-2.760556936264038,1,-1.1202362775802612,2,-2.4476358890533447,3,0.24589434266090393,4,-0.7481427192687988,5,-3.0584957599639893,6,2.800652027130127,7,1.5919523239135742,8,2.554624080657959,9,0.17976710200309753
9176,0,-1.9612149000167847,1,-0.7665927410125732,2,-2.4691758155822754,3,1.2588218450546265,4,1.0753508806228638,5,-1.1631940603256226,6,2.328714370727539,7,1.381723403930664,8,-0.2580310106277466,9,2.4624717235565186
9177,0,-2.871466875076294,1,-0.13270798325538635,2,-1.8728382587432861,3,0.6677325367927551,4,3.002574920654297,5,-2.585782289505005,6,-0.9202862977981567,7,1.7820206880569458,8,0.46481823921203613,9,0.5606285929679871
9178,0,-1.6298483610153198,1,-3.0491671562194824,2,-1.3676269054412842,3,-1.1533277034759521,4,-2.6009750366210938,5,2.977297782897949,6,-1.5197970867156982,7,2.8779613971710205,8,1.5520159006118774,9,-1.6458126306533813
9179,0,-2.0352413654327393,1,-2.9984917640686035,2,1.089140772819519,3,-1.2009680271148682,4,1.519986867904663,5,3.031639575958252,6,2.5156807899475098,7,0.5641211271286011,8,0.21070866286754608,9,2.4800713062286377
9180,0,-1.604759693145752,1,-2.941105842590332,2,-0.3731570243835449,3,2.8040482997894287,4,-0.6233595609664917,5,-0.24845239520072937,6,2.2329578399658203,7,0.8840781450271606,8,2.7314486503601074,9,2.916419267654419
9181,0,-2.6278884410858154,1,-0.49893099069595337,2,-1.6498477458953857,3,2.631155014038086,4,3.0192131996154785,5,1.075849175453186,6,-0.42411068081855774,7,2.7028138637542725,8,1.783584475517273,9,-2.9730844497680664
9182,0,-2.4225165843963623,1,-1.8375576734542847,2,-0.8715516328811646,3,0.546963632106781,4,-2.5036447048187256,5,2.2719452381134033,6,-1.253274917602539,7,2.199765682220459,8,1.7291271686553955,9,-0.3390938639640808
9183,0,-2.2657272815704346,1,-2.383424758911133,2,3.121643543243408,3,1.0268323421478271,4,1.0227975845336914,5,-0.3172728419303894,6,-2.4774346351623535,7,1.2706791162490845,8,2.2043771743774414,9,-0.13753610849380493
9184,0,-1.6006090641021729,1,-1.6356662511825562,2,-0.9926748275756836,3,-2.607631206512451,4,-0.5557024478912354,5,1.9592190980911255,6,0.07252217829227448,7,0.4864170551300049,8,1.0298370122909546,9,2.242598295211792
9185,0,-1.0326062440872192,1,-3.0362157821655273,2,3.0065243244171143,3,-2.6905012130737305,4,-1.5522136688232422,5,0.925923764705658,6,1.2930173873901367,7,-2.2441766262054443,8,-1.0073521137237549,9,1.7682372331619263
9186,0,-0.49276643991470337,1,-0.8068501949310303,2,1.0821113586425781,3,-0.9522429704666138,4,0.6578437089920044,5,0.7045449614524841,6,2.579550266265869,7,1.6457751989364624,8,0.847106397151947,9,2.1555898189544678
9187,0,-0.8604215979576111,1,-2.7820160388946533,2,-1.136152744293213,3,-2.0378360748291016,4,-0.825677752494812,5,1.4562498331069946,6,-1.7265617847442627,7,0.4189525246620178,8,0.9665279388427734,9,-0.17884929478168488
9188,0,-1.3179548978805542,1,-1.1750998497009277,2,2.2094874382019043,3,-0.46185895800590515,4,0.9745202660560608,5,0.520464301109314,6,2.084804058074951,7,2.16499400138855,8,-0.23144985735416412,9,1.0006166696548462
9189,0,-2.0813605785369873,1,-2.851546287536621,2,-0.9295173287391663,3,2.3626482486724854,4,-2.086080551147461,5,2.1931540966033936,6,0.11593634635210037,7,1.313707709312439,8,1.1617568731307983,9,1.3499956130981445
9190,0,-3.0115277767181396,1,-1.15461003780365,2,-0.2548891007900238,3,-1.8360422849655151,4,1.6872304677963257,5,0.3709897994995117,6,0.8436849117279053,7,-1.898951768875122,8,2.594536542892456,9,0.8844154477119446
9191,0,-2.490928888320923,1,-1.0729008913040161,2,-2.036736011505127,3,0.783013105392456,4,-1.0924484729766846,5,-1.2285758256912231,6,-3.01159405708313,7,2.700044870376587,8,-0.02701679989695549,9,-0.9765357375144958
9192,0,-2.145010232925415,1,3.107126235961914,2,-1.4399967193603516,3,1.0565398931503296,4,-1.3989288806915283,5,0.7296797037124634,6,2.5700461864471436,7,1.1721521615982056,8,2.420612096786499,9,3.0623512268066406
9193,0,-2.4277405738830566,1,-0.6665083169937134,2,-1.9132002592086792,3,-2.507208824157715,4,-0.6165763139724731,5,-2.991708278656006,6,-1.4669959545135498,7,1.4713175296783447,8,-1.6604048013687134,9,1.7246708869934082
9194,0,-1.2453502416610718,1,-2.8970863819122314,2,-0.6166657209396362,3,1.1457188129425049,4,3.0856640338897705,5,-3.0676229000091553,6,0.0761868804693222,7,1.50625479221344,8,2.157710075378418,9,2.8214502334594727
9195,0,-2.877270460128784,1,-0.7358040809631348,2,-0.6740187406539917,3,0.6326656937599182,4,2.98012375831604,5,0.1786753237247467,6,-0.8615715503692627,7,0.38944119215011597,8,2.0615830421447754,9,-0.6653957962989807
9196,0,-2.0716941356658936,1,1.4295456409454346,2,-0.5722700953483582,3,1.6547701358795166,4,-2.2358078956604004,5,-0.981579065322876,6,2.6372203826904297,7,0.9728739857673645,8,0.02869371697306633,9,2.088757038116455
9197,0,-1.5521734952926636,1,-3.113896369934082,2,2.6966562271118164,3,-2.4330263137817383,4,2.1888701915740967,5,1.570796012878418,6,2.993227243423462,7,2.277172803878784,8,0.2797498404979706,9,0.6729736328125
9198,0,-2.1274757385253906,1,-1.9965901374816895,2,-1.7070368528366089,3,2.4749741554260254,4,-1.3968968391418457,5,0.5888578295707703,6,-2.4208824634552,7,-0.7135637998580933,8,3.079385280609131,9,0.4634993374347687
9199,0,-2.9250197410583496,1,-1.5698314905166626,2,1.07744300365448,3,-1.4577558040618896,4,-1.4356274604797363,5,2.205772638320923,6,0.8036608099937439,7,0.7358208894729614,8,-2.533217668533325,9,1.026824951171875
9200,0,-1.9722486734390259,1,-1.6314209699630737,2,2.34033203125,3,2.7019898891448975,4,0.8001736402511597,5,1.8033692836761475,6,1.1082630157470703,7,2.480037212371826,8,0.2734045684337616,9,2.69252610206604
9201,0,-1.7289665937423706,1,-2.2442636489868164,2,-2.871955633163452,3,0.003598749404773116,4,-0.21899929642677307,5,1.1282484531402588,6,1.8901145458221436,7,0.8881034851074219,8,-0.4121173620223999,9,1.2988862991333008
9202,0,-1.5194838047027588,1,3.1097447872161865,2,1.231326699256897,3,-0.45870131254196167,4,-0.9971385598182678,5,1.4642027616500854,6,2.201526403427124,7,0.012578697875142097,8,1.8173236846923828,9,1.2412617206573486
9203,0,-2.793342351913452,1,-0.300014853477478,2,-0.2558329105377197,3,3.0223276615142822,4,-1.2550394535064697,5,2.3877363204956055,6,-1.1801786422729492,7,1.5458357334136963,8,1.3706810474395752,9,-0.5990583300590515
9204,0,-1.5666937828063965,1,-1.5975072383880615,2,-1.3392690420150757,3,2.3463103771209717,4,-1.2629343271255493,5,-0.8904088139533997,6,2.962550163269043,7,2.1376760005950928,8,1.6345127820968628,9,1.3777045011520386
9205,0,-2.127657890319824,1,3.128654956817627,2,-1.532212257385254,3,1.3437973260879517,4,1.2411143779754639,5,0.2241288721561432,6,-2.4250481128692627,7,1.6393486261367798,8,0.8244977593421936,9,2.4475512504577637
9206,0,-2.8244411945343018,1,2.776944160461426,2,-0.6399980187416077,3,-3.1412694454193115,4,2.2462031841278076,5,0.9893654584884644,6,1.1874773502349854,7,2.023667335510254,8,2.1494150161743164,9,2.4147377014160156
9207,0,-1.8070423603057861,1,-3.0845463275909424,2,-0.40712910890579224,3,-0.561693549156189,4,2.8363637924194336,5,0.9642736911773682,6,0.1083131805062294,7,-0.5224489569664001,8,0.5369932055473328,9,1.8065083026885986
9208,0,-2.0926904678344727,1,-1.7733380794525146,2,-2.988161563873291,3,0.7200456261634827,4,3.03847336769104,5,0.9304104447364807,6,2.7331347465515137,7,2.0487735271453857,8,2.916133403778076,9,2.189018964767456
9209,0,-1.9717602729797363,1,-2.8453962802886963,2,2.986936569213867,3,1.4127817153930664,4,-0.4289475381374359,5,3.01631760597229,6,2.4256176948547363,7,1.8527393341064453,8,1.6446651220321655,9,0.18816496431827545
9210,0,-2.6656527519226074,1,-1.8975886106491089,2,-0.9796744585037231,3,-0.33604228496551514,4,-0.9958609342575073,5,1.1556401252746582,6,-1.1049906015396118,7,0.8671240210533142,8,1.4262627363204956,9,2.945756196975708
9211,0,-2.8877506256103516,1,-1.4082064628601074,2,0.0747438445687294,3,-0.4525039494037628,4,0.02362511307001114,5,1.6000425815582275,6,0.11857877671718597,7,0.28118419647216797,8,0.1491307020187378,9,2.4289979934692383
9212,0,-2.6759281158447266,1,1.0153675079345703,2,-2.572643995285034,3,0.7480288743972778,4,-0.3208806812763214,5,0.03320666030049324,6,2.2107954025268555,7,1.5816694498062134,8,1.627131462097168,9,-2.6424434185028076
9213,0,-2.269686460494995,1,-1.8238914012908936,2,-2.597179889678955,3,-2.751023530960083,4,-1.0105476379394531,5,-1.1641416549682617,6,-0.06364258378744125,7,-2.9899942874908447,8,2.421398639678955,9,-2.2939162254333496
9214,0,-2.311521053314209,1,-1.632784366607666,2,-1.3334881067276,3,-0.7672383785247803,4,-1.0890499353408813,5,2.863398551940918,6,-0.6083836555480957,7,0.647128701210022,8,-2.6654725074768066,9,1.7889238595962524
9215,0,-2.024629592895508,1,-2.1907453536987305,2,-1.6206837892532349,3,-2.699521780014038,4,-1.8494147062301636,5,1.8036880493164062,6,2.2824714183807373,7,-1.2252131700515747,8,-0.6981430053710938,9,-0.029836399480700493
9216,0,-2.4068551063537598,1,-1.2836331129074097,2,1.3029404878616333,3,1.6215561628341675,4,-0.8461312055587769,5,2.3505704402923584,6,0.07849037647247314,7,2.092190980911255,8,1.6991634368896484,9,-0.8265155553817749
9217,0,-2.6155588626861572,1,-2.7390053272247314,2,-0.45632678270339966,3,-1.490330696105957,4,-1.3359140157699585,5,2.2366461753845215,6,0.4022042751312256,7,-2.9676716327667236,8,2.1087467670440674,9,1.6149826049804688
9218,0,-1.9933321475982666,1,1.221203088760376,2,-2.865551471710205,3,0.42262667417526245,4,1.4599885940551758,5,0.11277671158313751,6,2.488002061843872,7,2.032468557357788,8,0.06786912679672241,9,0.7672662138938904
9219,0,-2.519892692565918,1,-2.632361650466919,2,-0.34110453724861145,3,-2.4829905033111572,4,-2.911036491394043,5,2.8402230739593506,6,2.9346327781677246,7,1.0846881866455078,8,0.6264553070068359,9,2.8271055221557617
9220,0,-2.3204078674316406,1,-2.090752363204956,2,-2.107316732406616,3,-1.10714590549469,4,2.0729918479919434,5,0.1940476894378662,6,-2.9289848804473877,7,-0.509178638458252,8,1.8903932571411133,9,1.834529995918274
9221,0,-2.358243942260742,1,-0.30229225754737854,2,-2.861342668533325,3,-3.1333820819854736,4,0.6117454767227173,5,0.10587900131940842,6,0.7857325077056885,7,1.7334585189819336,8,1.1809417009353638,9,1.7641602754592896
9222,0,-2.0829527378082275,1,-1.5297600030899048,2,-2.3883066177368164,3,-2.7468695640563965,4,1.4628633260726929,5,1.3868663311004639,6,0.18339021503925323,7,3.0639281272888184,8,3.1191484928131104,9,2.76175856590271
9223,0,-2.9043803215026855,1,-0.8701238036155701,2,-0.3571282625198364,3,0.07569260895252228,4,0.03419409319758415,5,1.9989802837371826,6,2.78261399269104,7,0.2565211057662964,8,0.2118263691663742,9,0.2697906494140625
9224,0,-2.6865830421447754,1,-1.9193702936172485,2,-2.305032730102539,3,0.034304603934288025,4,0.7368729114532471,5,-2.9944982528686523,6,-0.08538932353258133,7,0.7694990038871765,8,1.4195530414581299,9,0.6443428993225098
9225,0,-3.013211250305176,1,-1.9634844064712524,2,1.1051216125488281,3,-2.400716543197632,4,1.0878914594650269,5,0.8143486976623535,6,0.9382648468017578,7,-0.6752532124519348,8,2.968752145767212,9,0.6229289174079895
9226,0,-2.8242685794830322,1,-2.0578906536102295,2,-3.0568974018096924,3,-2.6299362182617188,4,2.7906975746154785,5,1.0846177339553833,6,-0.7734672427177429,7,2.1806936264038086,8,0.6159396767616272,9,2.773797035217285
9227,0,-1.1214966773986816,1,-1.746077060699463,2,1.1970266103744507,3,-1.3489322662353516,4,-3.0513832569122314,5,3.077472448348999,6,0.9082894325256348,7,2.104020833969116,8,0.8758341073989868,9,-2.3600215911865234
9228,0,-2.49859356880188,1,-2.9570870399475098,2,-1.4488462209701538,3,-0.5999963283538818,4,-1.4452805519104004,5,-0.44562000036239624,6,-1.9730525016784668,7,0.13644462823867798,8,0.4198092520236969,9,2.28682804107666
9229,0,-2.536475896835327,1,-2.5507421493530273,2,-1.9701488018035889,3,2.5102267265319824,4,-2.030233144760132,5,1.700565218925476,6,2.7947728633880615,7,1.8789734840393066,8,1.919491171836853,9,-1.6861714124679565
9230,0,-0.08430516719818115,1,-1.58571195602417,2,-2.739264965057373,3,1.3683199882507324,4,-0.5239136815071106,5,-0.6040488481521606,6,-0.1438014954328537,7,2.1574172973632812,8,0.6157132387161255,9,-0.1584630012512207
9231,0,-3.009481430053711,1,-0.29523766040802,2,1.4513801336288452,3,-0.2023768573999405,4,0.4424951672554016,5,2.159348726272583,6,-0.3567158877849579,7,0.1963619887828827,8,-3.101125478744507,9,1.8947243690490723
9232,0,-2.4659464359283447,1,-0.6844645142555237,2,-2.9661667346954346,3,2.5950615406036377,4,2.2375447750091553,5,2.0408225059509277,6,0.07020865380764008,7,2.86447811126709,8,1.4258800745010376,9,2.137728452682495
9233,0,-2.1331167221069336,1,-2.5967013835906982,2,-1.594179630279541,3,-0.6213111281394958,4,2.4243011474609375,5,1.5372051000595093,6,0.7587679028511047,7,2.7935853004455566,8,2.22221302986145,9,-0.5288702845573425
9234,0,-2.4577255249023438,1,-2.833289384841919,2,-1.2513211965560913,3,-1.3820022344589233,4,-1.4472670555114746,5,-1.4260733127593994,6,0.4564549922943115,7,1.9594199657440186,8,3.014014959335327,9,1.0563650131225586
9235,0,-2.793489694595337,1,3.088576078414917,2,0.8077949285507202,3,-0.39084193110466003,4,-1.5147101879119873,5,1.639713168144226,6,0.499281108379364,7,2.2651872634887695,8,-0.14430288970470428,9,0.46911031007766724
9236,0,-1.3956841230392456,1,-1.2599525451660156,2,1.47450590133667,3,-0.15459614992141724,4,1.0781872272491455,5,0.794660210609436,6,0.9451808333396912,7,3.1143624782562256,8,2.1384923458099365,9,1.4838589429855347
9237,0,-2.256510019302368,1,-0.7360720634460449,2,2.9274168014526367,3,0.675049901008606,4,-2.1682121753692627,5,1.1279479265213013,6,-0.3580438196659088,7,2.006694793701172,8,3.05203914642334,9,-2.9620702266693115
9238,0,-0.37544700503349304,1,-0.4468899667263031,2,1.1659529209136963,3,2.5536513328552246,4,0.12151666730642319,5,0.14195376634597778,6,0.6043174862861633,7,0.061148397624492645,8,2.144541025161743,9,0.17044973373413086
9239,0,-1.9762769937515259,1,-0.5019527077674866,2,-1.5988601446151733,3,2.9212582111358643,4,2.5378010272979736,5,-1.3979095220565796,6,3.0966570377349854,7,2.1185858249664307,8,-0.24483193457126617,9,1.8859145641326904
9240,0,-2.2670505046844482,1,-1.0399013757705688,2,0.5570568442344666,3,2.3257620334625244,4,2.632430076599121,5,0.9512452483177185,6,2.5796027183532715,7,2.2462196350097656,8,1.9994051456451416,9,0.8816882967948914
9241,0,-2.2469751834869385,1,-0.5476963520050049,2,-1.7719017267227173,3,0.8774266839027405,4,0.8392230868339539,5,2.2691826820373535,6,2.2019286155700684,7,1.8508845567703247,8,2.7645301818847656,9,2.7448830604553223
9242,0,-1.192212700843811,1,-3.0572166442871094,2,-1.7358883619308472,3,1.51710045337677,4,2.9906368255615234,5,0.7368704676628113,6,0.7794904112815857,7,0.5325387120246887,8,1.5864475965499878,9,-0.7616345286369324
9243,0,-2.865626811981201,1,-1.4744912385940552,2,-2.430412530899048,3,2.2480528354644775,4,-0.26213979721069336,5,1.4889312982559204,6,0.9942519664764404,7,0.4012928605079651,8,3.012866735458374,9,2.289659261703491
9244,0,-2.530792474746704,1,-2.436580181121826,2,-0.9932977557182312,3,2.671182155609131,4,-1.159846544265747,5,1.6942577362060547,6,1.6685081720352173,7,3.072054147720337,8,1.1357276439666748,9,-0.44313016533851624
9245,0,-1.9573681354522705,1,-1.673213243484497,2,-2.622360944747925,3,1.1449763774871826,4,-1.2907583713531494,5,-1.8934755325317383,6,0.025166338309645653,7,1.398990511894226,8,1.060121774673462,9,1.8372350931167603
9246,0,-2.0276029109954834,1,-0.4929801821708679,2,-1.2521988153457642,3,-0.8362709879875183,4,1.4461925029754639,5,2.564419984817505,6,-1.5065139532089233,7,0.6671384572982788,8,0.9066931009292603,9,0.8556538224220276
9247,0,-2.050734281539917,1,-1.6300578117370605,2,-0.7906165719032288,3,-2.4460580348968506,4,-2.038252830505371,5,-0.035699762403964996,6,-0.13942961394786835,7,-2.635158061981201,8,3.1339452266693115,9,-2.88661789894104
9248,0,-1.7826242446899414,1,-3.030414342880249,2,1.4437270164489746,3,-2.2536046504974365,4,1.8287875652313232,5,1.6025148630142212,6,1.1745846271514893,7,0.36664465069770813,8,-0.6291808485984802,9,0.8667498826980591
9249,0,-2.8440375328063965,1,-1.219826102256775,2,-2.3248822689056396,3,2.9686577320098877,4,-1.0720306634902954,5,1.7311688661575317,6,2.617316246032715,7,-1.4318320751190186,8,0.16582800447940826,9,2.931908130645752
9250,0,-1.2742505073547363,1,-0.36833617091178894,2,3.1096653938293457,3,2.96848726272583,4,-2.759528160095215,5,-1.072112798690796,6,-1.3126810789108276,7,-0.2857407033443451,8,0.14724434912204742,9,1.327283263206482
9251,0,-2.6796891689300537,1,-1.1569257974624634,2,2.6901772022247314,3,2.1270694732666016,4,-1.2609676122665405,5,-1.265128254890442,6,-1.0477348566055298,7,0.3702673017978668,8,1.955609917640686,9,1.3572025299072266
9252,0,-2.020055055618286,1,-2.2350504398345947,2,-1.3481191396713257,3,1.1828538179397583,4,-0.22778816521167755,5,-1.1448420286178589,6,-2.9974961280822754,7,2.73997163772583,8,1.3379589319229126,9,1.918054461479187
9253,0,-2.344189405441284,1,-1.8780914545059204,2,-2.006953716278076,3,-1.4567210674285889,4,3.1348536014556885,5,2.219057083129883,6,-0.026532921940088272,7,2.504600763320923,8,2.337350606918335,9,2.7236273288726807
9254,0,-2.081756114959717,1,-1.5813028812408447,2,-0.5219348669052124,3,-0.1964082568883896,4,-1.5999435186386108,5,0.7369823455810547,6,-0.14550098776817322,7,2.2352545261383057,8,0.622771680355072,9,-2.249798536300659
9255,0,-2.926549196243286,1,2.045844078063965,2,1.3358917236328125,3,2.8692171573638916,4,0.4465285539627075,5,0.5748066306114197,6,1.543045163154602,7,1.5368143320083618,8,2.0007429122924805,9,0.4488312900066376
9256,0,-2.518566131591797,1,3.0652170181274414,2,-2.627070665359497,3,-2.0832409858703613,4,-1.5800813436508179,5,2.7757744789123535,6,-2.2807908058166504,7,1.8460803031921387,8,-0.4605071544647217,9,-2.6932806968688965
9257,0,-1.3127940893173218,1,-2.4827487468719482,2,-0.7849259376525879,3,-0.2754090428352356,4,-0.7253295183181763,5,2.7771575450897217,6,0.16912780702114105,7,2.3871240615844727,8,1.6244237422943115,9,-2.753467559814453
9258,0,-0.8937963843345642,1,0.8436751961708069,2,2.8728978633880615,3,1.3708243370056152,4,0.8747575283050537,5,-1.2807178497314453,6,0.8648031949996948,7,1.730315089225769,8,0.6296504735946655,9,1.8727539777755737
9259,0,-1.8072715997695923,1,-1.4213000535964966,2,-2.6128058433532715,3,-0.7635336518287659,4,-0.6202237606048584,5,-0.09898076951503754,6,0.9296913146972656,7,1.5700374841690063,8,-0.9247954487800598,9,-0.29428285360336304
9260,0,-1.726294994354248,1,-1.8182196617126465,2,-1.1995842456817627,3,-0.6273260712623596,4,-1.324586272239685,5,0.6904385685920715,6,-1.772362470626831,7,0.8967893123626709,8,2.8428847789764404,9,-1.3334275484085083
9261,0,-2.734891891479492,1,-1.8842347860336304,2,-0.9930315613746643,3,-1.693756103515625,4,-2.6316630840301514,5,0.8774375915527344,6,2.9052562713623047,7,1.3006480932235718,8,-0.22927486896514893,9,1.713570475578308
9262,0,-2.798431158065796,1,-1.0751087665557861,2,1.441840648651123,3,-2.553065061569214,4,-0.3049508333206177,5,0.5744922757148743,6,2.2974114418029785,7,-1.3803141117095947,8,-1.222415804862976,9,-0.897244930267334
9263,0,-2.585395336151123,1,-1.7969965934753418,2,-1.9497148990631104,3,-1.3989835977554321,4,-1.2664152383804321,5,-1.358371376991272,6,2.0631635189056396,7,1.9322428703308105,8,-1.913221001625061,9,0.04156792163848877
9264,0,-2.3375141620635986,1,1.2427477836608887,2,-1.2934885025024414,3,1.5370731353759766,4,0.5061782598495483,5,-0.5719998478889465,6,-2.294074773788452,7,0.7586856484413147,8,2.864478349685669,9,2.255337953567505
9265,0,-2.4310410022735596,1,-2.3949532508850098,2,-1.3562102317810059,3,-0.7214120626449585,4,-1.6116933822631836,5,3.0183980464935303,6,0.13371053338050842,7,-1.679205060005188,8,-0.6607698798179626,9,2.523282051086426
9266,0,-2.7203898429870605,1,-2.966048002243042,2,-1.6730610132217407,3,-1.0396592617034912,4,-1.7478569746017456,5,-1.2220333814620972,6,0.635839581489563,7,-0.29075440764427185,8,0.29715433716773987,9,1.5718697309494019
9267,0,3.0681211948394775,1,-1.774610161781311,2,-2.9387195110321045,3,-1.9878286123275757,4,2.7641689777374268,5,-1.3236057758331299,6,1.303979516029358,7,2.200688362121582,8,1.107672095298767,9,0.6202086210250854
9268,0,-3.107846260070801,1,-2.897580146789551,2,-2.9989256858825684,3,-0.47844794392585754,4,2.863246440887451,5,-1.923011064529419,6,0.21541373431682587,7,1.7539494037628174,8,0.37162548303604126,9,-0.13338804244995117
9269,0,-1.723919153213501,1,-0.8870989084243774,2,-2.958763599395752,3,0.22763951122760773,4,-0.8560744524002075,5,0.7576552629470825,6,-2.908961772918701,7,-0.0054978360421955585,8,1.316024661064148,9,2.8224337100982666
9270,0,1.6068823337554932,1,-1.340238332748413,2,-1.1310200691223145,3,-1.1711559295654297,4,-2.642679452896118,5,-0.4965783655643463,6,2.6627683639526367,7,-0.024235915392637253,8,1.3783382177352905,9,1.606709599494934
9271,0,2.0687930583953857,1,-1.3962429761886597,2,0.17833510041236877,3,-1.951741099357605,4,1.2392833232879639,5,2.6027612686157227,6,-0.053647954016923904,7,1.2896276712417603,8,1.671518087387085,9,-0.9620001316070557
9272,0,-2.1772515773773193,1,-1.4831783771514893,2,1.2142854928970337,3,-3.096759557723999,4,0.29112672805786133,5,2.746314287185669,6,1.2043203115463257,7,1.6374092102050781,8,-2.9734816551208496,9,2.1859798431396484
9273,0,-2.1606533527374268,1,-0.5236250162124634,2,2.775811195373535,3,3.072535991668701,4,1.518694519996643,5,0.24729804694652557,6,1.8908095359802246,7,-0.03966614603996277,8,0.5875552296638489,9,2.176856279373169
9274,0,-1.6207051277160645,1,-2.1426007747650146,2,-1.7228038311004639,3,-3.0936737060546875,4,-2.4340081214904785,5,2.1518821716308594,6,0.4443534016609192,7,1.1791553497314453,8,1.9803575277328491,9,-0.035712581127882004
9275,0,-1.3168277740478516,1,3.1281328201293945,2,-1.7570323944091797,3,1.5705422163009644,4,2.326307773590088,5,1.9725712537765503,6,3.0759949684143066,7,2.8458664417266846,8,1.410186767578125,9,1.934410810470581
9276,0,-2.350966691970825,1,-0.22343018651008606,2,-2.9610228538513184,3,-2.719998598098755,4,1.9430134296417236,5,2.811607837677002,6,-1.4326138496398926,7,-2.8294291496276855,8,1.9163789749145508,9,2.1114962100982666
9277,0,-2.0769259929656982,1,-1.7801564931869507,2,-1.6264010667800903,3,-0.05532136559486389,4,-7.633686618646607e-05,5,2.959803581237793,6,-1.1340868473052979,7,2.2477385997772217,8,3.046658754348755,9,0.2006324827671051
9278,0,3.102896213531494,1,3.091963052749634,2,-0.6277685165405273,3,-2.926138162612915,4,-1.2824764251708984,5,1.8068996667861938,6,-0.3704005777835846,7,2.2388858795166016,8,0.3741942346096039,9,1.7072911262512207
9279,0,-2.0168464183807373,1,-0.23508037626743317,2,-0.8504205942153931,3,-2.8863000869750977,4,0.45302635431289673,5,2.43558669090271,6,0.2679320275783539,7,2.2808544635772705,8,0.3627534508705139,9,0.7273014187812805
9280,0,-2.437610387802124,1,1.422607421875,2,-2.418647050857544,3,0.7935649752616882,4,1.7316110134124756,5,-0.048296328634023666,6,-0.4494067430496216,7,2.149545907974243,8,-0.7385355830192566,9,1.7542895078659058
9281,0,3.1184921264648438,1,-2.8739876747131348,2,-0.3710833787918091,3,1.1534162759780884,4,-2.797170400619507,5,2.736027479171753,6,0.4887688457965851,7,2.3252999782562256,8,0.14555968344211578,9,1.0572818517684937
9282,0,-1.3227137327194214,1,-1.2165638208389282,2,-2.630370855331421,3,-3.0437984466552734,4,0.2585347890853882,5,2.174165725708008,6,0.742551863193512,7,2.3027820587158203,8,0.2655312418937683,9,2.306142568588257
9283,0,-2.3561105728149414,1,-2.4856250286102295,2,-0.8032950162887573,3,-0.8025172352790833,4,-0.9043051600456238,5,0.05410188436508179,6,0.49101367592811584,7,1.4727281332015991,8,-2.729710340499878,9,0.8301382064819336
9284,0,-1.247910499572754,1,-2.714649200439453,2,0.07047001272439957,3,-2.589622974395752,4,-2.759558916091919,5,1.712781548500061,6,-2.085866689682007,7,-0.35856130719184875,8,-0.7831501364707947,9,-1.0533195734024048
9285,0,-2.510054111480713,1,2.4276938438415527,2,-1.6620573997497559,3,2.31833553314209,4,-1.550803303718567,5,0.2560422122478485,6,-0.5531654357910156,7,0.7277509570121765,8,2.6481974124908447,9,1.6356269121170044
9286,0,-2.709690809249878,1,-2.0981433391571045,2,-2.0083296298980713,3,-2.9251692295074463,4,0.9570992588996887,5,0.32264402508735657,6,-1.9755845069885254,7,-1.1946711540222168,8,2.212186336517334,9,1.8491336107254028
9287,0,-2.6172571182250977,1,-1.6744121313095093,2,-1.3087741136550903,3,-0.4178673326969147,4,0.025639913976192474,5,2.1982812881469727,6,-0.5493267774581909,7,0.9918933510780334,8,1.6428200006484985,9,1.0761685371398926
9288,0,-2.8849713802337646,1,-0.5559976696968079,2,-1.9676756858825684,3,-0.3662441074848175,4,2.476337432861328,5,-2.492281198501587,6,2.6366372108459473,7,0.5376825332641602,8,1.6691628694534302,9,1.8844627141952515
9289,0,2.9733874797821045,1,-0.17498132586479187,2,0.8401064276695251,3,2.9283804893493652,4,2.0780060291290283,5,0.09900800883769989,6,0.041437938809394836,7,2.233227491378784,8,1.7979059219360352,9,1.784658670425415
9290,0,-2.4132750034332275,1,-2.851451873779297,2,-0.46191468834877014,3,-1.1285685300827026,4,2.4028873443603516,5,0.8452711701393127,6,0.1871032416820526,7,0.6375540494918823,8,0.6024572253227234,9,2.8738365173339844
9291,0,-1.6650689840316772,1,-1.5962350368499756,2,-0.6318197250366211,3,-0.02042153850197792,4,1.1183598041534424,5,2.632108211517334,6,-2.164151906967163,7,0.18547159433364868,8,0.7430567741394043,9,-1.561411738395691
9292,0,-1.4223076105117798,1,-2.121352195739746,2,-1.4962931871414185,3,-2.0833723545074463,4,2.0666890144348145,5,2.6023786067962646,6,2.0197761058807373,7,2.253567934036255,8,-1.078494668006897,9,2.4387900829315186
9293,0,0.8320079445838928,1,-2.464975357055664,2,-0.8518860340118408,3,1.0646312236785889,4,0.8332850337028503,5,1.4951978921890259,6,1.0429282188415527,7,2.0903379917144775,8,2.0888259410858154,9,-0.22642402350902557
9294,0,-1.4415137767791748,1,-2.8236453533172607,2,-0.8867666721343994,3,2.3558714389801025,4,-2.307533025741577,5,2.153048276901245,6,2.6058297157287598,7,0.45008838176727295,8,0.7854641079902649,9,0.7591402530670166
9295,0,-2.939197301864624,1,-2.004903793334961,2,-2.4715349674224854,3,-1.5593267679214478,4,-2.8536698818206787,5,2.6719579696655273,6,0.14863911271095276,7,2.4517455101013184,8,-0.04943670332431793,9,0.21590450406074524
9296,0,-1.255298137664795,1,-2.1427817344665527,2,2.1748459339141846,3,-1.2775983810424805,4,-1.3234630823135376,5,1.9751416444778442,6,2.6467912197113037,7,2.407555103302002,8,-1.0239770412445068,9,1.9935680627822876
9297,0,-1.3010923862457275,1,1.452621579170227,2,0.9934612512588501,3,-1.2014607191085815,4,0.24900229275226593,5,2.352595567703247,6,1.3683017492294312,7,1.5142539739608765,8,0.6352621912956238,9,3.1016898155212402
9298,0,-2.594675064086914,1,-2.4840173721313477,2,-1.476404070854187,3,-2.0878851413726807,4,1.3696404695510864,5,2.5849428176879883,6,3.069236993789673,7,1.6615444421768188,8,0.16032114624977112,9,2.9975574016571045
9299,0,-1.9757509231567383,1,-2.7840123176574707,2,1.443699598312378,3,1.1387075185775757,4,-2.3585898876190186,5,2.6083643436431885,6,0.24682073295116425,7,2.3729171752929688,8,2.361037492752075,9,2.960146427154541
9300,0,3.067246198654175,1,1.419019341468811,2,-1.313524842262268,3,1.4000027179718018,4,2.5482425689697266,5,-0.5012842416763306,6,0.0290194284170866,7,1.9530080556869507,8,0.7411935925483704,9,2.5533809661865234
9301,0,-1.0736364126205444,1,-2.2863738536834717,2,-0.3938734531402588,3,-0.592182993888855,4,0.22523659467697144,5,-0.17130480706691742,6,2.7648680210113525,7,0.27301251888275146,8,-0.9181809425354004,9,1.6709741353988647
9302,0,-1.9974983930587769,1,-2.8389227390289307,2,0.03090052120387554,3,-0.027485627681016922,4,-0.6261992454528809,5,2.341228485107422,6,2.6386878490448,7,-1.126953363418579,8,1.5182746648788452,9,1.738313913345337
9303,0,-1.9734388589859009,1,-1.4661599397659302,2,-0.19207315146923065,3,-0.4688379466533661,4,-1.453332781791687,5,-3.041349411010742,6,1.3087587356567383,7,0.004698594566434622,8,2.848867893218994,9,0.56471848487854
9304,0,-1.9785962104797363,1,-1.3342161178588867,2,-1.9155606031417847,3,-1.4531724452972412,4,-2.6177501678466797,5,-0.04557689651846886,6,-1.0829473733901978,7,-1.5784188508987427,8,-0.6050260066986084,9,-0.08092164248228073
9305,0,-1.9759377241134644,1,-2.8823354244232178,2,-2.0353379249572754,3,0.03143131732940674,4,-3.075474739074707,5,-3.104560613632202,6,2.157680034637451,7,0.27528905868530273,8,0.4455573558807373,9,0.8744188547134399
9306,0,-2.732138156890869,1,-2.472491979598999,2,-2.3533260822296143,3,0.8118866086006165,4,2.869931697845459,5,0.5938794612884521,6,-0.10611908882856369,7,2.264180898666382,8,0.6586763262748718,9,0.5329945683479309
9307,0,-2.3875792026519775,1,-1.7961026430130005,2,-0.7634736895561218,3,-2.6131319999694824,4,-2.272163152694702,5,1.4244709014892578,6,-3.028029203414917,7,2.75093936920166,8,0.24040819704532623,9,0.869140088558197
9308,0,-2.1116325855255127,1,-0.29120567440986633,2,-1.3101879358291626,3,0.7783924341201782,4,-0.8734983205795288,5,0.377262145280838,6,-0.09213672578334808,7,1.940534234046936,8,1.6965408325195312,9,2.5760395526885986
9309,0,-1.661902904510498,1,-1.7833726406097412,2,-1.580392599105835,3,-1.4616568088531494,4,-0.652445912361145,5,1.08054518699646,6,-1.3688290119171143,7,-1.053916096687317,8,-0.04735951870679855,9,-1.4659446477890015
9310,0,-2.8985695838928223,1,-1.8402408361434937,2,-1.730378270149231,3,-2.047323703765869,4,0.9818558692932129,5,-1.4394859075546265,6,1.5587637424468994,7,2.876922130584717,8,1.55021071434021,9,1.560126781463623
9311,0,-3.056915760040283,1,2.3563156127929688,2,1.5788719654083252,3,2.9094443321228027,4,2.877150774002075,5,1.794500708580017,6,-1.1758469343185425,7,1.6663050651550293,8,-0.7387946844100952,9,1.0969122648239136
9312,0,-1.6274863481521606,1,-2.4352149963378906,2,-0.45924556255340576,3,-2.0341498851776123,4,0.8028428554534912,5,2.9703381061553955,6,0.654559314250946,7,-0.6128477454185486,8,2.979430675506592,9,0.6261352896690369
9313,0,-2.8677666187286377,1,-0.5871220827102661,2,0.9828834533691406,3,0.29920822381973267,4,0.8888550400733948,5,1.4478729963302612,6,-0.44440749287605286,7,-1.3180153369903564,8,-1.0872735977172852,9,2.8221211433410645
9314,0,-2.1128926277160645,1,2.0766701698303223,2,-1.7542157173156738,3,0.3163701295852661,4,-1.6211373805999756,5,-0.03709261491894722,6,0.7463383078575134,7,1.8653554916381836,8,0.2462119609117508,9,0.3488048315048218
9315,0,-1.4908580780029297,1,-2.9796135425567627,2,-2.9392268657684326,3,-1.5880377292633057,4,1.0404813289642334,5,0.3489827811717987,6,0.19801150262355804,7,0.5111226439476013,8,2.9909112453460693,9,2.8752338886260986
9316,0,-2.6868906021118164,1,-2.7585182189941406,2,-2.856111764907837,3,-2.2021899223327637,4,-3.0765609741210938,5,1.9324195384979248,6,-1.523658275604248,7,2.0802979469299316,8,-1.2895227670669556,9,2.9266510009765625
9317,0,-2.088047981262207,1,-2.1126115322113037,2,-0.811940610408783,3,1.5685561895370483,4,-1.467958927154541,5,-3.018202543258667,6,-3.138468027114868,7,0.14920559525489807,8,1.6609809398651123,9,1.3338632583618164
9318,0,-0.8099469542503357,1,-1.5971109867095947,2,-1.6233577728271484,3,-1.2387425899505615,4,-2.053856372833252,5,1.1362276077270508,6,0.5313670635223389,7,2.3100645542144775,8,1.6796810626983643,9,2.9201667308807373
9319,0,-2.5032403469085693,1,-2.204420804977417,2,-2.8075449466705322,3,0.2852126955986023,4,1.387527346611023,5,-2.217843770980835,6,-0.7611555457115173,7,1.5011732578277588,8,0.29934415221214294,9,2.147857189178467
9320,0,-2.200608491897583,1,-2.6408584117889404,2,-2.9222729206085205,3,2.8540055751800537,4,0.03857836127281189,5,-1.1430964469909668,6,2.0538489818573,7,1.094234824180603,8,2.30253005027771,9,1.6561293601989746
9321,0,-2.4920260906219482,1,-2.2394211292266846,2,-1.5946606397628784,3,-2.8514034748077393,4,-0.5622982382774353,5,1.0397844314575195,6,2.5934691429138184,7,-0.07126333564519882,8,1.9972293376922607,9,-0.8418096899986267
9322,0,-1.5604877471923828,1,-1.7213590145111084,2,-1.1136759519577026,3,-1.8466870784759521,4,-1.5149283409118652,5,2.3536434173583984,6,-0.6658598780632019,7,1.1065868139266968,8,-0.8540244698524475,9,2.0600743293762207
9323,0,-0.9353606700897217,1,-2.238184928894043,2,2.908390522003174,3,-0.2182934284210205,4,-0.8170221447944641,5,0.4200858473777771,6,0.8258548378944397,7,0.12723882496356964,8,1.022231101989746,9,2.9376258850097656
9324,0,-2.3411600589752197,1,-1.0977145433425903,2,-1.4386770725250244,3,-1.270120620727539,4,0.3093268871307373,5,2.7471535205841064,6,1.994446039199829,7,1.7558904886245728,8,-1.2325859069824219,9,1.6875756978988647
9325,0,-2.4501655101776123,1,-2.6890087127685547,2,-0.36498552560806274,3,0.8970143795013428,4,1.9663257598876953,5,1.3093905448913574,6,-0.16916340589523315,7,0.25636807084083557,8,0.7269768118858337,9,1.9812177419662476
9326,0,-2.407320022583008,1,-2.981095790863037,2,-2.6188230514526367,3,0.8077194094657898,4,-2.3716440200805664,5,-0.63375324010849,6,-2.451444387435913,7,2.8800647258758545,8,3.118112564086914,9,2.137610912322998
9327,0,-1.6115621328353882,1,-1.3881019353866577,2,-0.7639018893241882,3,-0.38162222504615784,4,-1.5836204290390015,5,0.41905662417411804,6,2.7604808807373047,7,1.9940547943115234,8,0.46666938066482544,9,1.8527811765670776
9328,0,-0.8367664217948914,1,-0.4416716396808624,2,2.3654723167419434,3,1.728331208229065,4,1.5047062635421753,5,1.7988470792770386,6,2.833674430847168,7,2.4736390113830566,8,2.5568227767944336,9,0.4473686218261719
9329,0,-2.814751386642456,1,-2.621335506439209,2,-0.5001110434532166,3,-2.689784526824951,4,-0.38789117336273193,5,0.25486013293266296,6,-0.9596320986747742,7,2.3318967819213867,8,0.7435493469238281,9,2.9566807746887207
9330,0,-2.165163040161133,1,1.9518752098083496,2,-0.738875687122345,3,-0.08402754366397858,4,-0.12093833833932877,5,-2.4208004474639893,6,2.983065128326416,7,0.24037565290927887,8,0.7651407122612,9,2.9426896572113037
9331,0,-2.9548513889312744,1,-1.847143292427063,2,1.1729676723480225,3,-3.085427761077881,4,-1.0961878299713135,5,1.2792307138442993,6,-0.44204995036125183,7,0.1898064762353897,8,-0.6256161332130432,9,-1.1225032806396484
9332,0,-1.6110984086990356,1,2.8374602794647217,2,-2.379258155822754,3,-2.4122745990753174,4,-0.2970908582210541,5,2.392970561981201,6,2.778308391571045,7,1.9777634143829346,8,1.338984727859497,9,2.0779335498809814
9333,0,-2.1065025329589844,1,-2.654381036758423,2,-1.7885876893997192,3,-2.831528663635254,4,-2.076101303100586,5,-1.1044777631759644,6,2.4573304653167725,7,2.0689828395843506,8,-0.18749459087848663,9,1.8075555562973022
9334,0,-2.6709024906158447,1,-1.5088343620300293,2,-2.2374777793884277,3,-2.0715956687927246,4,-1.3527644872665405,5,1.997504472732544,6,-1.7629345655441284,7,-0.5050538778305054,8,-0.35723844170570374,9,0.09841685742139816
9335,0,-2.163088083267212,1,-1.9419660568237305,2,2.929023265838623,3,-1.78324294090271,4,-2.5735535621643066,5,0.5984064936637878,6,0.8687956929206848,7,-0.22510826587677002,8,1.252276062965393,9,-0.447008341550827
9336,0,-2.093444347381592,1,-1.0445441007614136,2,-1.6274231672286987,3,0.4127335846424103,4,2.354447841644287,5,0.9394955039024353,6,-0.8441444039344788,7,0.052485883235931396,8,1.7262401580810547,9,1.9083105325698853
9337,0,-2.613649845123291,1,-2.8995752334594727,2,-2.0819694995880127,3,2.1783769130706787,4,1.6626167297363281,5,-2.856471538543701,6,1.3061375617980957,7,2.257436752319336,8,1.5186386108398438,9,2.307718515396118
9338,0,-2.405385971069336,1,-2.1067490577697754,2,-1.664506196975708,3,1.566561222076416,4,0.9266173243522644,5,0.5381645560264587,6,1.351579189300537,7,2.1245200634002686,8,2.621938467025757,9,2.8736889362335205
9339,0,-2.8695902824401855,1,-2.1910977363586426,2,-2.9364664554595947,3,-0.3686833083629608,4,-0.7655597925186157,5,2.151057243347168,6,2.920090436935425,7,0.20029747486114502,8,-0.19539159536361694,9,-2.9125123023986816
9340,0,-2.687704086303711,1,-3.057854175567627,2,0.15471218526363373,3,2.3815224170684814,4,-1.6461774110794067,5,-0.17501650750637054,6,0.6597104668617249,7,2.127326250076294,8,0.5614326000213623,9,-3.0157430171966553
9341,0,-2.869699478149414,1,-0.39937299489974976,2,1.1867488622665405,3,0.1988326758146286,4,2.876189708709717,5,1.3904041051864624,6,-0.6849103569984436,7,0.41497355699539185,8,1.7339954376220703,9,1.9504708051681519
9342,0,-2.946159601211548,1,0.009916532784700394,2,-2.098207473754883,3,-1.600498914718628,4,3.0207297801971436,5,0.9876447916030884,6,-0.4092475175857544,7,2.4080312252044678,8,-1.2242774963378906,9,-1.3090161085128784
9343,0,-1.6758042573928833,1,-2.9280028343200684,2,0.418937623500824,3,-3.1363697052001953,4,2.4415476322174072,5,0.9337045550346375,6,1.000705361366272,7,0.5470955967903137,8,0.7498573660850525,9,-3.1345903873443604
9344,0,-1.9627190828323364,1,-1.7522287368774414,2,-1.4545377492904663,3,1.1044739484786987,4,-2.0099611282348633,5,0.5306553244590759,6,0.1847354620695114,7,1.6826452016830444,8,2.4787027835845947,9,2.4256114959716797
9345,0,-1.544381022453308,1,-2.842912435531616,2,2.924992561340332,3,-3.138150215148926,4,-1.4954771995544434,5,2.3537302017211914,6,1.9431315660476685,7,0.8980470299720764,8,2.8513379096984863,9,2.8074588775634766
9346,0,-2.8570735454559326,1,-1.9755924940109253,2,-1.523611068725586,3,-2.624354362487793,4,2.186885356903076,5,-0.2812199592590332,6,0.9107727408409119,7,2.5410983562469482,8,1.1602808237075806,9,2.1118173599243164
9347,0,-2.1669013500213623,1,-1.6135649681091309,2,0.7164809703826904,3,-0.22994749248027802,4,1.1308856010437012,5,0.08748943358659744,6,0.6173632740974426,7,0.7275983691215515,8,0.8848376870155334,9,2.110286235809326
9348,0,0.1947849839925766,1,-2.9184656143188477,2,-0.38192424178123474,3,-1.4000803232192993,4,2.393507719039917,5,-0.9269050359725952,6,-0.8390185832977295,7,0.25719916820526123,8,1.4244049787521362,9,0.16801327466964722
9349,0,-2.5684261322021484,1,-2.19059419631958,2,1.1880277395248413,3,-1.6748557090759277,4,0.07582252472639084,5,2.3099610805511475,6,-0.382072776556015,7,2.4437153339385986,8,0.0005465068388730288,9,0.3590382933616638
9350,0,-2.4758498668670654,1,-1.05955171585083,2,3.0807974338531494,3,-0.29944130778312683,4,1.9073015451431274,5,1.0719777345657349,6,-0.4286097288131714,7,-1.9026970863342285,8,2.6994943618774414,9,0.613030195236206
9351,0,-2.52730655670166,1,-1.7874548435211182,2,-0.806362509727478,3,0.060113366693258286,4,2.955338954925537,5,0.9182957410812378,6,0.8566172122955322,7,2.4912633895874023,8,0.9941695332527161,9,0.7064125537872314
9352,0,-2.4567623138427734,1,-2.221698522567749,2,-1.629963755607605,3,-0.9198848605155945,4,1.2205637693405151,5,0.19370198249816895,6,-0.3885904848575592,7,-1.2807788848876953,8,-0.2443327009677887,9,0.9756559133529663
9353,0,-2.3023829460144043,1,-0.6649412512779236,2,-0.4474683701992035,3,0.8886093497276306,4,1.46808660030365,5,2.1165661811828613,6,2.4929115772247314,7,0.36777544021606445,8,1.1149709224700928,9,0.6751986145973206
9354,0,-3.097137212753296,1,-0.7037150859832764,2,-2.4821507930755615,3,3.1409449577331543,4,-1.0464410781860352,5,1.8079370260238647,6,-1.2381298542022705,7,1.4641152620315552,8,2.703197717666626,9,2.248436212539673
9355,0,-1.7438899278640747,1,3.0039758682250977,2,1.3423593044281006,3,-2.416053056716919,4,0.09564245492219925,5,2.2293331623077393,6,0.29199016094207764,7,2.7164809703826904,8,1.2325825691223145,9,-1.4090471267700195
9356,0,-1.7844254970550537,1,-0.817607045173645,2,0.8976178765296936,3,0.8089768290519714,4,0.5645937323570251,5,-0.7151850461959839,6,2.6882615089416504,7,3.0993528366088867,8,0.5532131195068359,9,2.7002837657928467
9357,0,-2.5660903453826904,1,2.697033405303955,2,-2.7317616939544678,3,1.073269009590149,4,1.4950408935546875,5,-1.590407371520996,6,2.786254644393921,7,0.8419702053070068,8,1.769952416419983,9,2.0963006019592285
9358,0,-0.3930589258670807,1,2.228717088699341,2,1.40628981590271,3,0.18978922069072723,4,0.6545732021331787,5,2.670855760574341,6,1.4803160429000854,7,2.7899622917175293,8,2.2081780433654785,9,2.214428663253784
9359,0,-2.031693935394287,1,-2.805384874343872,2,-0.4016808271408081,3,-1.0304569005966187,4,-1.4705159664154053,5,0.4675784409046173,6,-0.7646974921226501,7,2.5374913215637207,8,2.123652458190918,9,-0.19953370094299316
9360,0,-2.4300570487976074,1,-1.9289125204086304,2,-2.144601583480835,3,-0.28852739930152893,4,1.0308438539505005,5,2.083716869354248,6,0.9269042611122131,7,1.6914278268814087,8,2.6709976196289062,9,1.6405534744262695
9361,0,0.2881709039211273,1,-1.7327840328216553,2,-2.2917068004608154,3,-1.1522369384765625,4,0.9139445424079895,5,-0.12529326975345612,6,1.5748151540756226,7,2.559246301651001,8,0.4079068601131439,9,0.3738701045513153
9362,0,-2.6115481853485107,1,2.7688074111938477,2,1.188915491104126,3,-0.06311356276273727,4,0.6857911944389343,5,2.109515905380249,6,1.3764610290527344,7,0.4283415675163269,8,-0.12973995506763458,9,2.4551477432250977
9363,0,-2.5270960330963135,1,-1.9457380771636963,2,1.0402947664260864,3,-0.5273388028144836,4,-2.3718440532684326,5,0.5935460925102234,6,0.9971158504486084,7,-0.6485608816146851,8,0.9159924387931824,9,2.1471235752105713
9364,0,-2.0210072994232178,1,-0.34308528900146484,2,-1.1631001234054565,3,-1.715822696685791,4,0.20395517349243164,5,0.048802293837070465,6,-0.3649773597717285,7,1.5077537298202515,8,2.240201711654663,9,1.220501184463501
9365,0,-1.9906634092330933,1,-1.965949296951294,2,-0.44322991371154785,3,2.1297249794006348,4,-1.29097318649292,5,1.4963772296905518,6,-0.11529038846492767,7,1.834694266319275,8,0.28200268745422363,9,-0.38143685460090637
9366,0,-1.6155261993408203,1,-2.7692248821258545,2,2.321669340133667,3,-1.2994993925094604,4,0.7773703932762146,5,1.9148130416870117,6,0.9678999185562134,7,-1.3960161209106445,8,-0.8677203059196472,9,0.7185253500938416
9367,0,-0.6745749711990356,1,-0.6918432712554932,2,-2.7776341438293457,3,-0.4065161645412445,4,1.1632881164550781,5,0.7581276893615723,6,3.005779504776001,7,0.7308602333068848,8,1.6893889904022217,9,2.857501268386841
9368,0,-1.8696905374526978,1,-0.5347992181777954,2,-1.2207679748535156,3,1.0005481243133545,4,1.9610220193862915,5,2.9317519664764404,6,-0.08436568826436996,7,1.4777897596359253,8,2.537614107131958,9,1.6569819450378418
9369,0,2.637462854385376,1,-0.36251524090766907,2,0.18583600223064423,3,0.37345001101493835,4,0.20124715566635132,5,-0.2182799130678177,6,0.7535209059715271,7,0.5753353238105774,8,2.9212722778320312,9,0.24290050566196442
9370,0,-1.035368800163269,1,-1.949509859085083,2,0.9285326600074768,3,1.6248111724853516,4,2.9390389919281006,5,2.4366846084594727,6,2.1258420944213867,7,0.1920383870601654,8,0.26545414328575134,9,2.7026314735412598
9371,0,-1.8040590286254883,1,-3.1211204528808594,2,-2.366405963897705,3,2.2380049228668213,4,0.2454579770565033,5,1.3833000659942627,6,-0.10670371353626251,7,1.8579621315002441,8,2.82918381690979,9,2.6787147521972656
9372,0,-2.8518078327178955,1,-2.8651580810546875,2,-2.447523355484009,3,0.7396538257598877,4,0.8520393967628479,5,2.987877607345581,6,-1.3481839895248413,7,0.19004759192466736,8,2.3596670627593994,9,0.4363216459751129
9373,0,-2.001142978668213,1,-1.9846508502960205,2,-1.6612863540649414,3,-1.128890872001648,4,2.814178228378296,5,-0.8529356718063354,6,-0.3757109045982361,7,2.1874027252197266,8,2.208817481994629,9,1.6375576257705688
9374,0,-2.3746371269226074,1,1.2287230491638184,2,-1.129940152168274,3,1.5436856746673584,4,0.014036396518349648,5,1.626604676246643,6,0.9442814588546753,7,0.7319729924201965,8,-2.9205942153930664,9,1.006574034690857
9375,0,-2.405773401260376,1,1.3573652505874634,2,1.0369298458099365,3,1.1600819826126099,4,2.083921432495117,5,0.8049806952476501,6,0.10442984849214554,7,2.9562299251556396,8,2.1038100719451904,9,2.091242551803589
9376,0,-2.659296989440918,1,-2.738424777984619,2,-2.5993361473083496,3,-2.982785701751709,4,0.2824532389640808,5,-0.26971811056137085,6,-0.0017005341360345483,7,2.749915361404419,8,1.017104983329773,9,-0.3098306357860565
9377,0,-2.8659791946411133,1,0.091709665954113,2,-0.38271278142929077,3,1.5400822162628174,4,1.5309209823608398,5,2.0371947288513184,6,0.25016748905181885,7,1.7596478462219238,8,1.6253858804702759,9,2.3702378273010254
9378,0,-2.0775680541992188,1,-1.241335391998291,2,-0.6200690269470215,3,-0.37985897064208984,4,0.5787984132766724,5,2.145625591278076,6,1.3484563827514648,7,2.5127670764923096,8,-0.019061848521232605,9,0.6584873199462891
9379,0,-2.3344383239746094,1,-2.2973437309265137,2,-0.576683759689331,3,-0.08340918272733688,4,-0.8438202738761902,5,2.668320894241333,6,0.6891498565673828,7,-2.8135526180267334,8,2.849034309387207,9,-0.0777316614985466
9380,0,-2.4334256649017334,1,1.3547500371932983,2,-0.6561203002929688,3,-1.6542357206344604,4,-0.9942842721939087,5,0.3959121108055115,6,1.3152432441711426,7,-2.3355653285980225,8,1.196605920791626,9,2.4293251037597656
9381,0,-1.9727137088775635,1,-2.1621103286743164,2,-1.3239264488220215,3,0.9905533194541931,4,3.0623960494995117,5,1.2901136875152588,6,-0.20013493299484253,7,1.5106264352798462,8,0.5254569053649902,9,1.363590955734253
9382,0,-2.099376916885376,1,-3.028918981552124,2,-1.3937759399414062,3,-2.142547607421875,4,2.904409408569336,5,-0.6409530639648438,6,1.3886826038360596,7,1.8838355541229248,8,2.8544726371765137,9,-0.2799140512943268
9383,0,2.2353925704956055,1,1.0701758861541748,2,2.3277084827423096,3,-0.32077375054359436,4,-1.0472975969314575,5,2.781867742538452,6,0.5886180996894836,7,0.8871899843215942,8,-1.2682454586029053,9,2.944831132888794
9384,0,3.1359379291534424,1,-2.379026412963867,2,0.025228116661310196,3,-0.06318486481904984,4,2.293680191040039,5,2.2117056846618652,6,1.1583067178726196,7,0.9295487999916077,8,1.7880345582962036,9,2.3859715461730957
9385,0,-2.6498138904571533,1,-1.3515520095825195,2,-2.1639039516448975,3,-1.866926908493042,4,-0.7993903160095215,5,-0.8312471508979797,6,0.08970506489276886,7,-0.1635144203901291,8,-1.200890064239502,9,0.5253032445907593
9386,0,-1.8641210794448853,1,2.9255788326263428,2,-1.223820447921753,3,2.844517230987549,4,-0.8458880186080933,5,-1.3569282293319702,6,0.8469085097312927,7,-0.2354789823293686,8,1.402771234512329,9,0.270757794380188
9387,0,-2.429036855697632,1,-1.3579210042953491,2,-3.089081048965454,3,2.5646958351135254,4,0.11007411777973175,5,0.19600287079811096,6,0.9035005569458008,7,0.6311030983924866,8,0.7775744795799255,9,0.6555308699607849
9388,0,-3.0242106914520264,1,-0.8254940509796143,2,-2.134845733642578,3,1.1720404624938965,4,2.9481968879699707,5,0.3019995093345642,6,-0.38136184215545654,7,2.880790948867798,8,2.5757532119750977,9,2.2069952487945557
9389,0,2.306941509246826,1,-2.914551019668579,2,-2.169671058654785,3,2.440519332885742,4,3.0930771827697754,5,0.5914977788925171,6,1.2473121881484985,7,2.3907182216644287,8,0.11882168054580688,9,2.2188916206359863
9390,0,-1.4855520725250244,1,-2.924287796020508,2,-2.077617645263672,3,-0.7922484874725342,4,0.9482718110084534,5,1.680383324623108,6,2.875868082046509,7,-0.5294526219367981,8,-2.8725085258483887,9,1.9437170028686523
9391,0,-1.5713934898376465,1,-1.4504202604293823,2,-1.7440274953842163,3,2.954824924468994,4,0.08148784935474396,5,0.09224153310060501,6,-1.253766655921936,7,1.9577199220657349,8,-0.16634516417980194,9,0.7467671036720276
9392,0,-2.328575611114502,1,0.044654928147792816,2,-1.5845497846603394,3,-0.8276706337928772,4,-3.0221595764160156,5,-1.0461443662643433,6,-0.5031839609146118,7,2.401582717895508,8,-1.2872120141983032,9,0.172735333442688
9393,0,-2.9564568996429443,1,-1.9460841417312622,2,0.11634299159049988,3,-2.4710476398468018,4,0.983899712562561,5,2.288961410522461,6,2.3354427814483643,7,1.7873165607452393,8,2.454110622406006,9,0.9471054077148438
9394,0,-2.939424753189087,1,-1.4884309768676758,2,-1.8097478151321411,3,-2.801084280014038,4,2.783313274383545,5,2.125039577484131,6,0.19463761150836945,7,0.6486805081367493,8,0.30792585015296936,9,0.7753728628158569
9395,0,-1.9154890775680542,1,-1.7812374830245972,2,-0.2357913702726364,3,-0.8101305961608887,4,-2.0879158973693848,5,0.3114650547504425,6,-0.33649101853370667,7,-1.3442984819412231,8,-3.117725133895874,9,2.2779765129089355
9396,0,-3.0143167972564697,1,-1.929494023323059,2,0.9598485827445984,3,-2.8708560466766357,4,2.4951159954071045,5,0.7389026284217834,6,1.0957581996917725,7,0.5669360160827637,8,1.4559593200683594,9,3.0723695755004883
9397,0,-2.747983932495117,1,-1.7665272951126099,2,-0.8751383423805237,3,-2.3160951137542725,4,1.309350848197937,5,2.720623254776001,6,2.3320424556732178,7,1.8037928342819214,8,0.4785011112689972,9,0.028583595529198647
9398,0,-1.9701560735702515,1,-0.9618161916732788,2,-0.46499407291412354,3,-0.1268962323665619,4,2.147200107574463,5,0.8370741009712219,6,1.364978313446045,7,0.38191652297973633,8,1.8724690675735474,9,0.5564766526222229
9399,0,-2.624366283416748,1,-2.567909002304077,2,-1.147918462753296,3,1.6957842111587524,4,-2.6894681453704834,5,0.8120476603507996,6,3.0149030685424805,7,0.8620790839195251,8,-2.163034677505493,9,2.837512493133545
9400,0,-1.8935320377349854,1,-0.03118504397571087,2,-1.314985990524292,3,2.0921497344970703,4,-0.08298204839229584,5,0.3706381916999817,6,1.4787901639938354,7,-0.4691823422908783,8,0.43016064167022705,9,1.5215961933135986
9401,0,-2.979605197906494,1,-1.8653578758239746,2,-1.6198915243148804,3,-2.7525553703308105,4,-2.8919944763183594,5,1.5147168636322021,6,-1.3468788862228394,7,0.2665915787220001,8,1.3522993326187134,9,1.046142816543579
9402,0,-2.7689733505249023,1,-2.143035411834717,2,-0.786067008972168,3,0.08452598005533218,4,-0.41512584686279297,5,2.037663221359253,6,1.3811637163162231,7,2.0740792751312256,8,1.5233598947525024,9,0.2112054079771042
9403,0,-2.4178528785705566,1,-2.0655691623687744,2,0.2340283989906311,3,-0.955022394657135,4,0.413986474275589,5,0.18999320268630981,6,2.761329174041748,7,1.7171589136123657,8,0.2046455442905426,9,0.1836283802986145
9404,0,-2.6655495166778564,1,-0.464579313993454,2,-2.823904037475586,3,-0.06729307025671005,4,2.997549057006836,5,2.225229501724243,6,2.7631568908691406,7,0.48211827874183655,8,0.2598613202571869,9,2.01470947265625
9405,0,-1.5694890022277832,1,-0.4371749460697174,2,-1.6769776344299316,3,-2.264430522918701,4,3.038229465484619,5,-2.914719820022583,6,-1.309393048286438,7,1.7700579166412354,8,2.118116617202759,9,2.8070311546325684
9406,0,-2.756516218185425,1,-0.39025598764419556,2,-0.12608613073825836,3,2.9859511852264404,4,0.954342782497406,5,0.8835710287094116,6,1.0684936046600342,7,0.16633862257003784,8,2.696624517440796,9,2.977898359298706
9407,0,-3.087040901184082,1,-1.2891870737075806,2,-2.561330556869507,3,-3.0632872581481934,4,-3.0434274673461914,5,2.5113463401794434,6,-2.7109286785125732,7,1.7206616401672363,8,0.6306711435317993,9,0.7160798907279968
9408,0,-2.8521814346313477,1,-0.6848674416542053,2,-0.5132495164871216,3,-1.0596325397491455,4,0.6081416010856628,5,0.6745069026947021,6,-0.43933117389678955,7,0.3286842703819275,8,1.4782633781433105,9,2.789161205291748
9409,0,2.7401371002197266,1,-2.8289382457733154,2,-2.9658713340759277,3,1.0994348526000977,4,2.656165599822998,5,-0.7319491505622864,6,0.13099999725818634,7,1.439267873764038,8,2.672016143798828,9,2.9117956161499023
9410,0,-1.7934128046035767,1,-0.5684559941291809,2,1.0891531705856323,3,-0.5098062753677368,4,0.188148632645607,5,1.9329109191894531,6,1.6354254484176636,7,1.6845598220825195,8,0.7941719889640808,9,0.5825793147087097
9411,0,-2.3394663333892822,1,-1.9210196733474731,2,-1.3559123277664185,3,-0.5817826390266418,4,-0.308724969625473,5,0.4344817101955414,6,0.5098427534103394,7,0.015430150553584099,8,2.7659950256347656,9,-0.0008472686167806387
9412,0,-2.0732600688934326,1,-2.286511182785034,2,-0.18058918416500092,3,-1.0249767303466797,4,-1.3543286323547363,5,2.5963354110717773,6,3.0380797386169434,7,-0.0005977837136015296,8,-1.5498826503753662,9,0.5013013482093811
9413,0,-2.8146822452545166,1,-0.8926272392272949,2,-1.3898167610168457,3,1.0005186796188354,4,-2.0042784214019775,5,0.3420774042606354,6,2.4237899780273438,7,2.672708511352539,8,2.978759765625,9,1.3031710386276245
9414,0,-3.0354292392730713,1,-0.5485467910766602,2,-0.8420599699020386,3,-1.319726824760437,4,-2.2425003051757812,5,-1.7126367092132568,6,0.4966946840286255,7,2.239354133605957,8,0.9280365109443665,9,2.7605204582214355
9415,0,-2.6644229888916016,1,-0.5196521282196045,2,-2.779139518737793,3,-0.5790802836418152,4,-0.4846595823764801,5,2.086061954498291,6,2.825732946395874,7,1.0411934852600098,8,0.39352738857269287,9,0.7652915120124817
9416,0,-2.6881866455078125,1,-0.9330368638038635,2,-0.47070372104644775,3,-2.353529930114746,4,0.8678275346755981,5,-0.7632018327713013,6,1.3561455011367798,7,0.905562162399292,8,-0.580746591091156,9,2.887774705886841
9417,0,-2.494445323944092,1,-1.156644344329834,2,-2.1828620433807373,3,-0.791971743106842,4,0.4428527057170868,5,-1.5326378345489502,6,-1.6628837585449219,7,2.977299451828003,8,1.3927973508834839,9,1.840912103652954
9418,0,-2.4226200580596924,1,-2.261014461517334,2,-3.1329596042633057,3,-1.3551833629608154,4,-2.9512627124786377,5,-1.0273786783218384,6,1.8517388105392456,7,2.1161255836486816,8,0.5824514627456665,9,-0.004135002847760916
9419,0,-2.6706573963165283,1,-1.8989826440811157,2,3.1324872970581055,3,-0.6853457093238831,4,1.77205228805542,5,2.3667454719543457,6,-1.1944286823272705,7,2.915635347366333,8,1.6404563188552856,9,1.9645558595657349
9420,0,-2.503152370452881,1,-1.286087155342102,2,-0.2501831352710724,3,-2.661156415939331,4,0.509941577911377,5,0.7216933369636536,6,0.20991556346416473,7,2.1687519550323486,8,0.9431785941123962,9,0.05528561398386955
9421,0,-2.235975742340088,1,-0.8907804489135742,2,-0.21893341839313507,3,-1.3624416589736938,4,-0.05223778635263443,5,0.36866575479507446,6,1.580252766609192,7,0.7763001918792725,8,-2.89319109916687,9,-1.6519166231155396
9422,0,-0.5973385572433472,1,-1.0702332258224487,2,-0.29747021198272705,3,-0.07590626925230026,4,2.6675634384155273,5,1.8222928047180176,6,3.112083673477173,7,0.743788480758667,8,1.4028387069702148,9,1.7311323881149292
9423,0,-2.3885507583618164,1,-1.5468074083328247,2,-1.262680172920227,3,0.04643381014466286,4,0.5180103778839111,5,0.8632823824882507,6,0.6022810935974121,7,-2.289890766143799,8,1.1717724800109863,9,1.8900794982910156
9424,0,0.8721597790718079,1,2.999406099319458,2,-2.171721935272217,3,-2.4805352687835693,4,0.866827130317688,5,-0.18146470189094543,6,0.07568194717168808,7,1.1865731477737427,8,2.417009115219116,9,1.6556483507156372
9425,0,-1.4019523859024048,1,-2.755681276321411,2,-0.6672818660736084,3,-0.07466283440589905,4,-0.07752347737550735,5,0.0830632746219635,6,-1.1665024757385254,7,2.9324538707733154,8,1.770554780960083,9,1.6601592302322388
9426,0,-1.951757550239563,1,-1.1223912239074707,2,-0.8787344694137573,3,-0.4908321499824524,4,1.3057729005813599,5,0.8317745923995972,6,1.2818821668624878,7,2.6189937591552734,8,1.9564491510391235,9,0.17428869009017944
9427,0,-1.7338014841079712,1,0.9734612703323364,2,-0.821979820728302,3,1.3458865880966187,4,2.5885510444641113,5,2.1214590072631836,6,2.6345694065093994,7,0.8374679684638977,8,1.2666020393371582,9,2.0752432346343994
9428,0,-2.8681063652038574,1,1.2847092151641846,2,-0.44149962067604065,3,-1.1079113483428955,4,1.1838839054107666,5,-2.8352255821228027,6,0.07293098419904709,7,2.715811252593994,8,1.1762546300888062,9,0.06674345582723618
9429,0,-1.4135618209838867,1,-1.2373371124267578,2,-2.124253988265991,3,-2.4773402214050293,4,-1.3074272871017456,5,-1.061930537223816,6,-2.633265495300293,7,0.8959041833877563,8,2.2513110637664795,9,-1.3661141395568848
9430,0,-2.8232369422912598,1,-1.6271620988845825,2,-1.1930230855941772,3,1.0605645179748535,4,-1.7029958963394165,5,0.4539250433444977,6,1.7532378435134888,7,1.9813404083251953,8,2.799342632293701,9,0.6420149207115173
9431,0,-0.13477294147014618,1,-2.9545812606811523,2,-1.6325340270996094,3,-2.0756406784057617,4,-0.5626490712165833,5,1.4989928007125854,6,0.032685257494449615,7,1.1918509006500244,8,0.2668675184249878,9,-0.20230190455913544
9432,0,-1.9873076677322388,1,-2.2354230880737305,2,-0.5490776300430298,3,2.9343488216400146,4,-3.0949249267578125,5,0.7542726397514343,6,1.0646545886993408,7,0.5152992606163025,8,-1.2819689512252808,9,0.8606272339820862
9433,0,-2.4245786666870117,1,-0.30830201506614685,2,-2.5423600673675537,3,-2.8932902812957764,4,-1.2352713346481323,5,1.4919581413269043,6,2.8818259239196777,7,2.7089476585388184,8,2.555149555206299,9,-2.573444366455078
9434,0,-2.634857177734375,1,-2.9537065029144287,2,-0.8919719457626343,3,1.090657114982605,4,1.5715186595916748,5,2.1270649433135986,6,0.172190859913826,7,0.7296268939971924,8,0.9634134769439697,9,1.9671093225479126
9435,0,-2.5650134086608887,1,-2.5249338150024414,2,-1.3241363763809204,3,1.0726408958435059,4,0.6873769760131836,5,0.7904279232025146,6,0.3454872965812683,7,2.4156851768493652,8,1.2750999927520752,9,2.821075916290283
9436,0,-0.9466109275817871,1,-1.3971562385559082,2,-2.974773645401001,3,0.2627943754196167,4,-0.9447893500328064,5,0.8503915667533875,6,1.7758584022521973,7,2.1844582557678223,8,1.7935518026351929,9,1.5672005414962769
9437,0,-2.5987839698791504,1,-3.1244282722473145,2,-2.971571207046509,3,-0.8471490144729614,4,-1.260947346687317,5,0.7034766674041748,6,-1.6339634656906128,7,0.26954641938209534,8,0.8357686400413513,9,0.45366740226745605
9438,0,-2.270286798477173,1,-1.9501290321350098,2,-2.060297966003418,3,1.2064472436904907,4,-2.290598154067993,5,2.056251049041748,6,3.0691440105438232,7,0.9192872047424316,8,-0.2491711974143982,9,2.202643871307373
9439,0,-2.0975708961486816,1,-2.017533302307129,2,-3.0208921432495117,3,-1.7797036170959473,4,0.6685940027236938,5,-2.185770273208618,6,-0.7867668867111206,7,0.07442332059144974,8,-2.615753173828125,9,0.5587345361709595
9440,0,2.603996515274048,1,-0.2872537076473236,2,-1.5682520866394043,3,-0.47951239347457886,4,1.2100701332092285,5,0.8785302042961121,6,0.10072636604309082,7,0.517897367477417,8,2.7384603023529053,9,0.16295795142650604
9441,0,-0.9677108526229858,1,-2.584590435028076,2,-1.9831597805023193,3,-1.3231102228164673,4,-0.9407634735107422,5,-0.564989447593689,6,-1.0713281631469727,7,3.047537326812744,8,-0.6174377799034119,9,1.5748180150985718
9442,0,-2.951822280883789,1,-2.7486000061035156,2,-1.3762691020965576,3,-1.4095118045806885,4,2.3747811317443848,5,1.4638437032699585,6,1.887813687324524,7,2.8419177532196045,8,3.129927396774292,9,2.0137057304382324
9443,0,-1.9337936639785767,1,-0.3250880241394043,2,2.894742250442505,3,1.3054405450820923,4,0.25529760122299194,5,2.3004565238952637,6,1.8262420892715454,7,2.77262544631958,8,0.23252470791339874,9,1.6660051345825195
9444,0,-2.8796675205230713,1,3.0572967529296875,2,-1.81889808177948,3,0.5408046245574951,4,2.931305408477783,5,-1.3220915794372559,6,1.4927043914794922,7,2.329862594604492,8,1.5286065340042114,9,2.978646993637085
9445,0,-2.53849458694458,1,-1.3498380184173584,2,-1.4990664720535278,3,-1.4321991205215454,4,1.0951199531555176,5,0.7546718716621399,6,-0.10484514385461807,7,0.7410978674888611,8,2.3142056465148926,9,1.359675407409668
9446,0,-2.7724947929382324,1,-0.9285182356834412,2,-2.9162344932556152,3,0.09356353431940079,4,1.429142713546753,5,-0.5900014638900757,6,1.810516357421875,7,1.5222028493881226,8,1.3873528242111206,9,1.8329752683639526
9447,0,-1.6214301586151123,1,-1.104458212852478,2,-1.7617350816726685,3,-3.009334087371826,4,-2.696889877319336,5,0.9955130815505981,6,0.3165765702724457,7,0.2508446276187897,8,2.8661575317382812,9,0.5739960074424744
9448,0,-2.51645827293396,1,-2.8201987743377686,2,-1.5383355617523193,3,-1.1800123453140259,4,-0.5663890838623047,5,-0.12532296776771545,6,1.7755368947982788,7,0.5725898146629333,8,-1.4760178327560425,9,-0.1079101637005806
9449,0,-1.903286337852478,1,-2.317824125289917,2,-0.09269549697637558,3,-2.8091115951538086,4,-1.8940058946609497,5,0.9206516146659851,6,1.4859423637390137,7,-1.3818711042404175,8,-1.093217134475708,9,1.6804099082946777
9450,0,-2.487677574157715,1,-1.7788177728652954,2,-1.6069256067276,3,-2.368593692779541,4,-1.1006503105163574,5,0.2282303273677826,6,3.13991641998291,7,0.2797609865665436,8,0.9255627393722534,9,-0.9290144443511963
9451,0,-0.5437803864479065,1,-0.5460549592971802,2,-0.15359801054000854,3,2.455855131149292,4,-0.27409106492996216,5,0.6883723735809326,6,1.6272053718566895,7,1.5774319171905518,8,2.224551200866699,9,0.9663044214248657
9452,0,-1.828975796699524,1,-2.3566391468048096,2,-2.1926956176757812,3,-1.4826194047927856,4,-0.2675790786743164,5,-2.298119068145752,6,0.2541089951992035,7,1.624003291130066,8,-0.9594259262084961,9,-0.06307648867368698
9453,0,-3.0252394676208496,1,-0.9321131110191345,2,-1.7247250080108643,3,-1.9081206321716309,4,-0.09917895495891571,5,-1.3517721891403198,6,0.7754798531532288,7,0.34614843130111694,8,0.29851245880126953,9,2.6734676361083984
9454,0,-1.6846758127212524,1,-0.6023977994918823,2,-0.27709829807281494,3,-0.10076320916414261,4,0.9304088950157166,5,2.9056146144866943,6,0.8203257918357849,7,0.5909923315048218,8,0.3512827455997467,9,2.0545194149017334
9455,0,-1.9413074254989624,1,-1.4493581056594849,2,2.351264715194702,3,-0.8473724722862244,4,-0.9742678999900818,5,2.0661280155181885,6,2.0175259113311768,7,0.8305796384811401,8,-2.139892578125,9,1.3287737369537354
9456,0,-2.463158369064331,1,-2.5798861980438232,2,-0.48319822549819946,3,-0.25901851058006287,4,-0.839866578578949,5,2.4612174034118652,6,1.1928967237472534,7,0.16184662282466888,8,-2.334810495376587,9,-0.24912354350090027
9457,0,-2.8648219108581543,1,-0.7257692217826843,2,-2.730879306793213,3,-2.051162004470825,4,-0.2746390104293823,5,2.7100207805633545,6,2.2294974327087402,7,-1.0530164241790771,8,-0.5151882171630859,9,1.0392050743103027
9458,0,-0.8030591011047363,1,2.259460687637329,2,-2.646169424057007,3,-1.3437615633010864,4,-0.9929197430610657,5,2.073518753051758,6,1.0697150230407715,7,-0.05869811028242111,8,-0.39666369557380676,9,-2.291053295135498
9459,0,-2.46024227142334,1,2.759500741958618,2,-2.063754081726074,3,-1.5211923122406006,4,0.984065592288971,5,-1.0613477230072021,6,-0.07151829451322556,7,1.0703891515731812,8,-0.4756661653518677,9,1.4603302478790283
9460,0,-1.8852708339691162,1,-1.9796992540359497,2,-1.5705760717391968,3,-0.22644691169261932,4,-2.681173324584961,5,1.700722336769104,6,-2.8220267295837402,7,1.894222378730774,8,-0.5054546594619751,9,1.4830424785614014
9461,0,-2.40909743309021,1,1.379660964012146,2,-1.9509187936782837,3,0.08077939599752426,4,2.3764808177948,5,-0.19398276507854462,6,-1.3704248666763306,7,1.7933499813079834,8,0.6563591361045837,9,1.6507949829101562
9462,0,-3.0077621936798096,1,-1.83343505859375,2,-0.6176352500915527,3,-0.42429256439208984,4,-2.7739832401275635,5,1.6690950393676758,6,0.26536470651626587,7,0.7594699263572693,8,1.3848258256912231,9,2.073416233062744
9463,0,3.1014692783355713,1,-3.0533077716827393,2,-2.692732334136963,3,1.3896876573562622,4,-2.937992572784424,5,-0.9325292110443115,6,1.3580259084701538,7,2.597275972366333,8,1.2853509187698364,9,3.0933516025543213
9464,0,-0.5809800624847412,1,1.1208007335662842,2,-2.3778014183044434,3,0.8928032517433167,4,2.5357537269592285,5,0.7186660766601562,6,1.780205249786377,7,0.46729958057403564,8,1.0243730545043945,9,0.2856985628604889
9465,0,-1.5725817680358887,1,-0.19664674997329712,2,-1.0939300060272217,3,-0.5498619675636292,4,1.4782493114471436,5,-2.766072988510132,6,2.228649616241455,7,0.8508474826812744,8,2.9953322410583496,9,2.975999116897583
9466,0,-2.293822765350342,1,-2.794066905975342,2,2.9381253719329834,3,-2.911970615386963,4,-2.473329782485962,5,0.6380821466445923,6,1.8035945892333984,7,-1.9687596559524536,8,-0.5679154396057129,9,2.608494281768799
9467,0,-2.1938061714172363,1,1.1098271608352661,2,-0.5377534627914429,3,0.5630487203598022,4,1.3519575595855713,5,3.0604088306427,6,-0.3915475904941559,7,1.478105902671814,8,2.579871654510498,9,2.030919313430786
9468,0,-2.9017446041107178,1,-1.1483948230743408,2,-2.199498176574707,3,-1.6092737913131714,4,1.6331912279129028,5,-0.86879563331604,6,0.906419575214386,7,2.127117395401001,8,2.2542531490325928,9,0.25206518173217773
9469,0,-1.57244074344635,1,-2.098271608352661,2,-2.7364253997802734,3,0.7331584095954895,4,2.585752010345459,5,2.388216495513916,6,0.14006686210632324,7,2.244927167892456,8,0.2960881292819977,9,2.960387706756592
9470,0,-1.8286750316619873,1,-1.4722291231155396,2,-0.0029550669714808464,3,-1.6890925168991089,4,-0.28775227069854736,5,1.7200263738632202,6,2.0723536014556885,7,2.664968967437744,8,-1.0371679067611694,9,0.8480809330940247
9471,0,-2.5963494777679443,1,-2.5192747116088867,2,-0.6858236789703369,3,-0.11602660268545151,4,-0.6931188106536865,5,2.0102219581604004,6,-2.4648172855377197,7,0.6713201999664307,8,0.04779691621661186,9,0.4395754635334015
9472,0,-2.0503034591674805,1,-0.3977406919002533,2,-1.5737080574035645,3,-0.8518251776695251,4,3.0120632648468018,5,-1.273671269416809,6,2.3726212978363037,7,2.2003886699676514,8,0.45556363463401794,9,1.779161810874939
9473,0,-0.22878384590148926,1,-0.7039972543716431,2,1.3145384788513184,3,-0.4041844606399536,4,1.38779878616333,5,1.6048527956008911,6,-0.4244707524776459,7,0.0818975493311882,8,1.8144115209579468,9,1.861415147781372
9474,0,-2.4870522022247314,1,2.2997071743011475,2,-0.6726099252700806,3,-1.186238408088684,4,1.7098445892333984,5,2.127918004989624,6,0.645594596862793,7,1.6229262351989746,8,-2.336354970932007,9,2.1737372875213623
9475,0,-1.994613528251648,1,-1.787379264831543,2,-0.8930916786193848,3,0.4967483580112457,4,0.17659179866313934,5,-0.1791999489068985,6,2.8400723934173584,7,2.8151655197143555,8,0.7303050756454468,9,0.5167378187179565
9476,0,-1.4169408082962036,1,-1.1248658895492554,2,2.4198312759399414,3,-1.3707656860351562,4,1.0738040208816528,5,0.5587533116340637,6,0.7087140679359436,7,2.321748971939087,8,-3.037537097930908,9,-1.2119725942611694
9477,0,-1.787182092666626,1,1.234347939491272,2,-0.706331193447113,3,-0.11924142390489578,4,1.1601041555404663,5,0.21287666261196136,6,-2.620359182357788,7,0.4083927571773529,8,1.734647512435913,9,2.3081958293914795
9478,0,-1.9373224973678589,1,-2.8755240440368652,2,2.5328221321105957,3,-1.5398670434951782,4,-0.8727076053619385,5,-0.20294740796089172,6,2.439025402069092,7,-1.6634775400161743,8,2.760045289993286,9,-0.8476586937904358
9479,0,-2.2241263389587402,1,-1.1393991708755493,2,-2.128455877304077,3,1.2697943449020386,4,2.6986312866210938,5,-0.6837664842605591,6,-0.3630598485469818,7,1.984604001045227,8,0.31295526027679443,9,2.291548013687134
9480,0,-1.7354108095169067,1,-1.273883581161499,2,0.4903852939605713,3,-1.4069206714630127,4,-2.9869556427001953,5,0.7610638737678528,6,2.147362232208252,7,1.0850374698638916,8,0.9346306920051575,9,-1.2477266788482666
9481,0,-2.4478633403778076,1,-1.7503761053085327,2,-1.270616888999939,3,-0.5839306712150574,4,2.8263535499572754,5,0.4074220359325409,6,1.149596929550171,7,1.6230443716049194,8,2.3623743057250977,9,-0.8677938580513
9482,0,-1.6364719867706299,1,-1.5516632795333862,2,-0.21291860938072205,3,-0.9848352074623108,4,-0.6240042448043823,5,-0.6058782339096069,6,2.551675319671631,7,2.583925485610962,8,-2.23077654838562,9,1.5094681978225708
9483,0,-1.6316217184066772,1,-1.495641827583313,2,-0.3988146185874939,3,1.1178622245788574,4,0.8959354758262634,5,1.7857298851013184,6,2.1900112628936768,7,2.0995235443115234,8,-0.03050495870411396,9,2.5058634281158447
9484,0,-2.284839391708374,1,-2.6252501010894775,2,-3.0484092235565186,3,3.046410322189331,4,-0.4612037241458893,5,0.6519090533256531,6,-1.8646870851516724,7,-1.1662052869796753,8,1.2385528087615967,9,0.2520599365234375
9485,0,-2.8158977031707764,1,-2.7651665210723877,2,-1.5647708177566528,3,-0.13008973002433777,4,-1.3693894147872925,5,-0.5039952993392944,6,-2.400789976119995,7,0.11582765728235245,8,1.9105603694915771,9,-1.074659824371338
9486,0,-2.152674913406372,1,2.2044193744659424,2,-2.186521053314209,3,-0.8409150838851929,4,-1.0981887578964233,5,2.279369831085205,6,-0.5552496314048767,7,1.7458609342575073,8,0.8471382260322571,9,1.877752423286438
9487,0,-2.85241961479187,1,1.0657442808151245,2,-1.4287251234054565,3,0.09997399896383286,4,0.1825254112482071,5,2.5975255966186523,6,1.641771674156189,7,2.908403158187866,8,0.4868338406085968,9,2.6182007789611816
9488,0,-2.9025583267211914,1,2.338955879211426,2,-2.4281606674194336,3,0.8479710817337036,4,3.0038270950317383,5,1.7302006483078003,6,2.9269816875457764,7,2.601856231689453,8,0.06901175528764725,9,0.15804536640644073
9489,0,-2.072906732559204,1,-0.8382583856582642,2,-2.6689467430114746,3,-0.44967952370643616,4,2.3848607540130615,5,1.8719009160995483,6,-2.0405805110931396,7,0.7238665223121643,8,2.6720693111419678,9,2.032808780670166
9490,0,-2.53115177154541,1,2.9229495525360107,2,-2.2268829345703125,3,-2.834563732147217,4,1.4073086977005005,5,-2.620894193649292,6,1.5975180864334106,7,2.558978796005249,8,2.0617265701293945,9,1.3840354681015015
9491,0,2.745361328125,1,2.7329626083374023,2,-0.5821563005447388,3,-0.4070817530155182,4,1.8704917430877686,5,1.6886811256408691,6,1.3101142644882202,7,1.9324043989181519,8,0.4304927587509155,9,1.6217961311340332
9492,0,-2.061861991882324,1,1.207491159439087,2,-1.975481629371643,3,1.2673393487930298,4,2.243563413619995,5,-0.8914769291877747,6,-2.7228281497955322,7,0.5574231743812561,8,1.1675987243652344,9,1.9392627477645874
9493,0,-2.8192105293273926,1,-2.019540309906006,2,-2.5288026332855225,3,-0.24747814238071442,4,-2.9030139446258545,5,-0.5815697312355042,6,0.20940600335597992,7,1.8425897359848022,8,-2.1281466484069824,9,1.236809253692627
9494,0,-2.292187213897705,1,-2.2337892055511475,2,3.0411174297332764,3,-0.959682047367096,4,-2.9291341304779053,5,0.6697433590888977,6,0.575365424156189,7,1.959166407585144,8,1.3248982429504395,9,2.995793104171753
9495,0,-2.001889228820801,1,-1.891514778137207,2,-2.0851380825042725,3,0.25968480110168457,4,3.006012439727783,5,-0.9272807836532593,6,-0.0640944391489029,7,2.4246060848236084,8,1.2360751628875732,9,2.9970035552978516
9496,0,-1.5057616233825684,1,-2.8903491497039795,2,-2.6859564781188965,3,-1.1542832851409912,4,2.3165810108184814,5,2.4132869243621826,6,3.064676523208618,7,2.5707895755767822,8,-0.4711126685142517,9,2.447094202041626
9497,0,-1.8737789392471313,1,-1.5139379501342773,2,2.7931573390960693,3,-0.20053397119045258,4,-2.0190985202789307,5,-0.8061177730560303,6,-0.36710259318351746,7,2.162820816040039,8,1.989525556564331,9,1.8623985052108765
9498,0,-2.654477119445801,1,-2.5855331420898438,2,-1.959754228591919,3,-1.552765965461731,4,-0.685340940952301,5,1.79611337184906,6,-3.0631794929504395,7,0.7685931921005249,8,2.5721054077148438,9,-1.303400993347168
9499,0,-2.2053000926971436,1,-2.3709990978240967,2,-1.763344168663025,3,-2.657644033432007,4,1.0026228427886963,5,0.6688243746757507,6,-1.1672500371932983,7,1.5095747709274292,8,-0.5319833755493164,9,1.7875045537948608
9500,0,-2.2844460010528564,1,3.0237386226654053,2,-2.475097417831421,3,3.104597330093384,4,-1.8021191358566284,5,-3.1247000694274902,6,-0.1363312005996704,7,1.2824780941009521,8,-0.06578061729669571,9,-1.2616369724273682
9501,0,-1.3323808908462524,1,-0.5479223728179932,2,-1.0374573469161987,3,-1.4730772972106934,4,-1.4565603733062744,5,1.044988989830017,6,1.583518385887146,7,1.2969564199447632,8,0.7500671744346619,9,1.0924938917160034
9502,0,-2.7746670246124268,1,-1.558050513267517,2,1.3275213241577148,3,-0.9300227761268616,4,0.16910476982593536,5,2.5441741943359375,6,-0.15274374186992645,7,1.5221928358078003,8,0.5467252135276794,9,2.024677038192749
9503,0,-1.882849931716919,1,-0.9278457164764404,2,-1.0209492444992065,3,1.3536629676818848,4,2.390711545944214,5,-0.322994202375412,6,2.3445892333984375,7,1.9551383256912231,8,1.5976403951644897,9,1.9325031042099
9504,0,-2.9987053871154785,1,-1.3414844274520874,2,-1.1601115465164185,3,1.3997843265533447,4,-0.9097223877906799,5,2.2158596515655518,6,0.471045583486557,7,1.33747398853302,8,1.84531569480896,9,1.41373872756958
9505,0,-2.586838960647583,1,-2.6633589267730713,2,-1.566624402999878,3,0.2470097690820694,4,-1.5110111236572266,5,1.5598881244659424,6,0.7640485167503357,7,-1.412459135055542,8,0.35010477900505066,9,2.3388729095458984
9506,0,-1.3340423107147217,1,-2.8640596866607666,2,-0.29031670093536377,3,-1.0107743740081787,4,-1.58901047706604,5,0.15481111407279968,6,0.6831459999084473,7,2.3062424659729004,8,1.8825606107711792,9,1.8062855005264282
9507,0,-2.92488694190979,1,-2.793489933013916,2,-2.6843998432159424,3,-1.2992892265319824,4,3.0163795948028564,5,-0.17601141333580017,6,0.3938688337802887,7,3.096290349960327,8,-1.3588544130325317,9,0.7205101847648621
9508,0,-2.8412210941314697,1,3.1066579818725586,2,0.9779110550880432,3,-0.9122883677482605,4,2.1396806240081787,5,-0.24618394672870636,6,2.102555513381958,7,1.6428552865982056,8,1.979749321937561,9,2.079237937927246
9509,0,3.123304605484009,1,-0.7313115000724792,2,-2.3959193229675293,3,-0.41006359457969666,4,-3.041088342666626,5,-0.1898496299982071,6,-1.2200020551681519,7,0.21738426387310028,8,0.872676432132721,9,-2.662937879562378
9510,0,-2.0725107192993164,1,-0.4909652769565582,2,-0.08230580389499664,3,1.4395118951797485,4,2.4290192127227783,5,2.5806362628936768,6,1.5341259241104126,7,3.1145823001861572,8,0.4819585978984833,9,1.9276256561279297
9511,0,-0.9443861246109009,1,-0.5112558603286743,2,-0.8223230838775635,3,-0.2186206728219986,4,0.13220658898353577,5,0.23153460025787354,6,1.2220152616500854,7,0.1638246327638626,8,-1.1310889720916748,9,0.2490982860326767
9512,0,-0.17618876695632935,1,-2.085960865020752,2,-2.46994948387146,3,1.1882206201553345,4,-2.8247973918914795,5,1.5151681900024414,6,1.0340120792388916,7,1.761703610420227,8,0.9414861798286438,9,-0.16739124059677124
9513,0,-2.7168972492218018,1,-1.3019498586654663,2,-2.113590955734253,3,-0.48779162764549255,4,-0.9044575691223145,5,-1.9000089168548584,6,-2.343488931655884,7,2.805370569229126,8,3.057307243347168,9,2.479327917098999
9514,0,-1.9070488214492798,1,-1.5083965063095093,2,-2.5806796550750732,3,1.3561769723892212,4,-0.17147471010684967,5,3.09411883354187,6,0.8540660738945007,7,2.475557327270508,8,1.6060543060302734,9,2.1395907402038574
9515,0,-2.883418560028076,1,-2.1540825366973877,2,-1.096838116645813,3,1.4766367673873901,4,-2.2975058555603027,5,-1.4715713262557983,6,-0.7028301358222961,7,0.6583126783370972,8,1.8624083995819092,9,0.7550976276397705
9516,0,-1.6788697242736816,1,-1.9153367280960083,2,-2.1248509883880615,3,-1.4366655349731445,4,-0.24359647929668427,5,0.5787213444709778,6,1.242283582687378,7,1.9211225509643555,8,2.4321396350860596,9,1.4484933614730835
9517,0,-2.664012908935547,1,-0.6464860439300537,2,0.11696356534957886,3,0.003396124579012394,4,2.7791426181793213,5,0.17525343596935272,6,0.4112309217453003,7,2.6841588020324707,8,2.9358015060424805,9,0.6803544759750366
9518,0,-0.9130570292472839,1,-3.1137619018554688,2,-0.17472530901432037,3,-0.10743575543165207,4,-1.314947485923767,5,2.7993123531341553,6,0.4259602725505829,7,2.927595615386963,8,-0.2862643003463745,9,-1.0047924518585205
9519,0,-1.797049880027771,1,-1.6325559616088867,2,-1.0271925926208496,3,-2.8556299209594727,4,2.2594611644744873,5,1.8211421966552734,6,-0.5511178970336914,7,2.740142583847046,8,1.270992636680603,9,0.8674094080924988
9520,0,-0.7915242314338684,1,2.4474246501922607,2,-0.8470497727394104,3,-0.6781641244888306,4,-1.9793918132781982,5,1.3706735372543335,6,1.8381215333938599,7,1.7986911535263062,8,2.2861907482147217,9,2.1686551570892334
9521,0,-2.108041286468506,1,1.4190367460250854,2,-2.297985553741455,3,0.2440054565668106,4,2.3454208374023438,5,0.5501888394355774,6,2.359421491622925,7,2.223334789276123,8,2.432435989379883,9,1.5930804014205933
9522,0,-2.3202664852142334,1,-2.240302801132202,2,-0.8499201536178589,3,1.3219417333602905,4,-2.721742868423462,5,0.3756450116634369,6,1.6972187757492065,7,2.6313369274139404,8,1.8952726125717163,9,-2.2840068340301514
9523,0,-2.333857774734497,1,-3.0766870975494385,2,-1.453462839126587,3,-0.20896510779857635,4,-2.3928325176239014,5,2.8340213298797607,6,2.5199756622314453,7,1.5549081563949585,8,2.423258066177368,9,2.3936543464660645
9524,0,-1.9656362533569336,1,-2.303532600402832,2,-2.8866868019104004,3,-1.213599443435669,4,-1.3281177282333374,5,-1.5542579889297485,6,-0.31717684864997864,7,-0.6765760779380798,8,1.1072436571121216,9,-0.863853931427002
9525,0,-0.5883569121360779,1,-0.9091102480888367,2,-2.901707172393799,3,-0.10534897446632385,4,1.2681221961975098,5,0.2539742887020111,6,1.6037803888320923,7,0.7204223275184631,8,1.5481014251708984,9,-0.08604950457811356
9526,0,-2.51737117767334,1,-0.9679718017578125,2,-2.3899402618408203,3,2.397958993911743,4,-1.0637388229370117,5,-0.6240811944007874,6,1.6588728427886963,7,2.7898969650268555,8,2.492736339569092,9,0.41047897934913635
9527,0,-2.7289445400238037,1,-2.6313467025756836,2,-2.929816722869873,3,1.180690884590149,4,-0.4510238468647003,5,1.8357024192810059,6,1.539594292640686,7,-0.11686194688081741,8,-1.3253295421600342,9,-0.053689926862716675
9528,0,-1.7808367013931274,1,-2.5025084018707275,2,-1.835607886314392,3,1.1622332334518433,4,1.8835259675979614,5,-0.7619991898536682,6,-2.5449059009552,7,1.6195688247680664,8,1.5066074132919312,9,2.5245699882507324
9529,0,-2.853395938873291,1,-1.2987138032913208,2,-1.2868229150772095,3,0.7776951789855957,4,0.185831680893898,5,1.3064347505569458,6,1.8645716905593872,7,2.9014430046081543,8,2.7495319843292236,9,0.1993061602115631
9530,0,-2.584162473678589,1,-2.8355765342712402,2,-0.872136652469635,3,-0.5027360320091248,4,1.7002798318862915,5,0.74128657579422,6,-1.4137572050094604,7,-0.6687654256820679,8,-1.3455095291137695,9,0.16695427894592285
9531,0,-0.5053697824478149,1,-1.2826389074325562,2,-1.3313056230545044,3,3.057607650756836,4,0.4358031451702118,5,2.2139973640441895,6,2.3912203311920166,7,2.487293004989624,8,0.4979436695575714,9,1.8623923063278198
9532,0,-2.172715663909912,1,-2.064265489578247,2,-0.5412046313285828,3,-2.008056640625,4,-1.807984471321106,5,2.01993989944458,6,2.168123960494995,7,-0.8215417861938477,8,3.1179888248443604,9,1.3552308082580566
9533,0,-2.7379508018493652,1,-1.9480910301208496,2,-1.1066224575042725,3,-2.0768864154815674,4,3.047088623046875,5,2.0235416889190674,6,1.048077940940857,7,-2.4111039638519287,8,2.989699125289917,9,2.1652891635894775
9534,0,-1.4453569650650024,1,-1.0470826625823975,2,-2.0994787216186523,3,-0.9940832257270813,4,-1.4726017713546753,5,0.44368046522140503,6,-1.718752145767212,7,1.7779546976089478,8,1.4214558601379395,9,-2.1568422317504883
9535,0,-3.1235311031341553,1,-1.673835039138794,2,-1.6383215188980103,3,-1.0909162759780884,4,-1.5316438674926758,5,2.5323598384857178,6,-2.0057754516601562,7,2.4883275032043457,8,2.369917869567871,9,0.6902514100074768
9536,0,-2.8487401008605957,1,-1.894856572151184,2,-1.3263251781463623,3,-1.4690501689910889,4,1.4736295938491821,5,-2.7246487140655518,6,-1.207274317741394,7,2.2098724842071533,8,-0.6566321849822998,9,1.5976306200027466
9537,0,3.1236672401428223,1,-0.8076785802841187,2,-1.3575469255447388,3,0.7349935173988342,4,2.429326295852661,5,-1.306879997253418,6,1.146704912185669,7,2.1529455184936523,8,1.7775641679763794,9,0.49669814109802246
9538,0,-1.6914918422698975,1,0.05235082283616066,2,-2.732668876647949,3,2.1025424003601074,4,0.24418804049491882,5,0.9251192808151245,6,0.9306924343109131,7,2.5213379859924316,8,2.239778518676758,9,-0.20722557604312897
9539,0,-2.6902103424072266,1,-1.9644261598587036,2,2.847343921661377,3,-0.7762314081192017,4,0.4465292990207672,5,1.5704751014709473,6,-1.2369149923324585,7,0.23411013185977936,8,0.7525047659873962,9,0.15722016990184784
9540,0,-1.9364668130874634,1,-1.9491231441497803,2,-1.115197777748108,3,-0.1622278094291687,4,2.73537015914917,5,-1.8601012229919434,6,-1.5300047397613525,7,2.887458324432373,8,2.887516975402832,9,2.8706753253936768
9541,0,-2.3608479499816895,1,1.2858766317367554,2,-1.6004999876022339,3,-1.2498196363449097,4,3.077993631362915,5,2.2159674167633057,6,-0.44742217659950256,7,1.8656433820724487,8,2.772287607192993,9,2.2385001182556152
9542,0,-1.2959023714065552,1,-0.7517350912094116,2,-2.331791400909424,3,0.9380909204483032,4,-0.06772454082965851,5,1.2972630262374878,6,2.540710210800171,7,2.9002697467803955,8,1.5053048133850098,9,2.757963180541992
9543,0,-2.524519681930542,1,-2.006035327911377,2,-1.6649669408798218,3,-0.7639845609664917,4,-1.202983021736145,5,1.3500914573669434,6,-1.4729143381118774,7,2.330997943878174,8,2.706484317779541,9,2.4195849895477295
9544,0,-2.0153305530548096,1,-1.323390245437622,2,-1.3738722801208496,3,2.283019542694092,4,-1.34810209274292,5,1.5015040636062622,6,-1.7949050664901733,7,2.400110960006714,8,1.7941272258758545,9,1.3153910636901855
9545,0,-1.9262412786483765,1,-1.964164137840271,2,-3.0295448303222656,3,1.515692114830017,4,-1.4362138509750366,5,1.1551200151443481,6,-0.38685107231140137,7,2.8824870586395264,8,0.7969414591789246,9,0.6438713669776917
9546,0,-1.9300146102905273,1,-0.49341627955436707,2,1.5148752927780151,3,-1.204406499862671,4,-1.25334632396698,5,2.896449327468872,6,2.1742281913757324,7,1.8303178548812866,8,2.9198269844055176,9,1.5891773700714111
9547,0,-1.6597282886505127,1,-2.055199146270752,2,-1.2581372261047363,3,0.9959359169006348,4,0.23935219645500183,5,1.9691886901855469,6,0.7142385244369507,7,-0.4504392743110657,8,0.08187751471996307,9,2.5337724685668945
9548,0,-2.462979555130005,1,-1.0935291051864624,2,-2.2788658142089844,3,-2.8349461555480957,4,0.2635778784751892,5,1.312812328338623,6,-1.7167824506759644,7,-0.6103272438049316,8,-1.4045737981796265,9,0.29981666803359985
9549,0,-1.9567185640335083,1,-1.7393757104873657,2,-0.2615146040916443,3,-1.6997169256210327,4,0.23697645962238312,5,2.462411403656006,6,2.3300795555114746,7,0.7697569727897644,8,-1.4280240535736084,9,0.45420941710472107
9550,0,-0.6861146688461304,1,-0.598721444606781,2,0.5722694396972656,3,1.3005043268203735,4,0.8976647853851318,5,2.447913646697998,6,1.8435355424880981,7,1.4998199939727783,8,0.6776649951934814,9,1.8177398443222046
9551,0,-3.0860707759857178,1,-2.0564627647399902,2,-0.8756863474845886,3,-2.40594744682312,4,-2.0716676712036133,5,2.9517288208007812,6,-1.1206083297729492,7,0.8376203775405884,8,1.5345039367675781,9,0.5856513381004333
9552,0,-2.1438863277435303,1,-0.4404999911785126,2,2.969758987426758,3,2.6802680492401123,4,-0.40580910444259644,5,2.543229818344116,6,-0.6083611249923706,7,0.8791057467460632,8,-0.9548961520195007,9,2.38765811920166
9553,0,-1.6565628051757812,1,-1.9763431549072266,2,-1.7846009731292725,3,-1.564185380935669,4,-0.8203158974647522,5,2.1537117958068848,6,0.9507659673690796,7,1.8676444292068481,8,0.8836607336997986,9,2.332510471343994
9554,0,-2.851958751678467,1,-0.5466375350952148,2,-2.142974376678467,3,-0.6311911940574646,4,-1.040061116218567,5,-0.9328107833862305,6,1.7094963788986206,7,1.8524761199951172,8,2.5913543701171875,9,0.5317301750183105
9555,0,-3.0209145545959473,1,-2.997006893157959,2,-2.222607135772705,3,2.527008056640625,4,-2.9459011554718018,5,-0.2987354099750519,6,2.7304422855377197,7,-1.3161581754684448,8,0.04301128163933754,9,2.768516778945923
9556,0,-2.3959720134735107,1,1.4814355373382568,2,2.5555427074432373,3,1.2925268411636353,4,0.8665016293525696,5,2.897540330886841,6,2.1997342109680176,7,2.717369794845581,8,0.9025283455848694,9,1.3417454957962036
9557,0,-2.840965986251831,1,-2.665314197540283,2,1.0926226377487183,3,1.1589252948760986,4,1.3966861963272095,5,2.827373504638672,6,0.4079967737197876,7,-0.8890187740325928,8,0.2907557189464569,9,3.090425729751587
9558,0,-1.887481689453125,1,-1.102445363998413,2,-1.1736841201782227,3,0.38231366872787476,4,0.4883310794830322,5,0.14994500577449799,6,1.7211990356445312,7,2.707021474838257,8,0.6091409921646118,9,2.315108299255371
9559,0,-2.482656955718994,1,-1.9377797842025757,2,1.1475282907485962,3,-0.8573878407478333,4,-1.3080672025680542,5,2.415666103363037,6,-0.19781619310379028,7,0.31545186042785645,8,-1.3353469371795654,9,0.8815162181854248
9560,0,-3.015380620956421,1,-2.597992420196533,2,-0.023153817281126976,3,0.020365195348858833,4,2.043062925338745,5,1.9182358980178833,6,0.7629530429840088,7,1.4814934730529785,8,-0.08106549084186554,9,1.713258147239685
9561,0,-1.223924160003662,1,-2.970426082611084,2,-1.4751207828521729,3,-0.23222829401493073,4,-2.891150712966919,5,2.9604990482330322,6,1.2790297269821167,7,2.7608392238616943,8,0.10115901380777359,9,2.992274284362793
9562,0,-2.136112689971924,1,2.9140052795410156,2,-1.3909193277359009,3,1.9725089073181152,4,0.01102127879858017,5,1.8508670330047607,6,-1.3053693771362305,7,0.6869298219680786,8,1.900704264640808,9,-0.2786490321159363
9563,0,-2.0741310119628906,1,3.0302491188049316,2,-0.6631644368171692,3,-0.07388471066951752,4,2.06447172164917,5,-1.01170814037323,6,2.8523168563842773,7,0.8266611695289612,8,2.2897932529449463,9,1.9443650245666504
9564,0,-0.534750759601593,1,-3.091566324234009,2,-2.393324375152588,3,-2.6871092319488525,4,1.958855152130127,5,1.813597559928894,6,-0.2516813278198242,7,-0.7628745436668396,8,-0.10104311257600784,9,2.0639760494232178
9565,0,-2.0334460735321045,1,-1.8091061115264893,2,-2.9903438091278076,3,-1.6798359155654907,4,1.1834931373596191,5,0.42901596426963806,6,2.8365044593811035,7,2.786881923675537,8,-2.8124678134918213,9,1.8255990743637085
9566,0,-1.1849632263183594,1,-2.010373592376709,2,-0.5036042928695679,3,-0.7342567443847656,4,0.7409820556640625,5,0.1430603712797165,6,-0.06222987920045853,7,2.746661424636841,8,0.7554792761802673,9,0.5028496980667114
9567,0,2.5506441593170166,1,-2.383437156677246,2,2.413987398147583,3,-2.3762669563293457,4,0.6834694743156433,5,3.097144365310669,6,-1.4516005516052246,7,-1.3379408121109009,8,0.1435566395521164,9,2.5292370319366455
9568,0,-1.825745940208435,1,-0.5738488435745239,2,-1.4654639959335327,3,-0.9748436212539673,4,2.1459619998931885,5,2.4430341720581055,6,-0.8681260347366333,7,1.5684808492660522,8,-0.9607520699501038,9,2.021649122238159
9569,0,-2.4913156032562256,1,-1.862186312675476,2,0.5266286134719849,3,-1.9647457599639893,4,-2.1479618549346924,5,0.29410791397094727,6,2.6924684047698975,7,1.1145983934402466,8,-0.2797072231769562,9,0.10437242686748505
9570,0,-2.6077044010162354,1,-1.2230002880096436,2,2.1014902591705322,3,-0.17093472182750702,4,0.24001803994178772,5,2.3881824016571045,6,1.948378562927246,7,0.30285072326660156,8,2.8971598148345947,9,2.0798282623291016
9571,0,0.44105926156044006,1,-2.1280884742736816,2,-1.662564992904663,3,-3.0214271545410156,4,0.8677259683609009,5,2.3392109870910645,6,-1.3735774755477905,7,1.5672657489776611,8,0.07241878658533096,9,0.4029325544834137
9572,0,-1.4775162935256958,1,-1.7892323732376099,2,-0.0068973335437476635,3,-2.2451884746551514,4,2.105682373046875,5,0.46492451429367065,6,0.07764052599668503,7,0.6215971112251282,8,-0.9471524357795715,9,2.5879201889038086
9573,0,-2.849569320678711,1,-2.4931466579437256,2,-2.201256275177002,3,2.944373607635498,4,-2.1955361366271973,5,-1.3894014358520508,6,2.089777708053589,7,2.80485200881958,8,-0.8530110120773315,9,-0.8319026231765747
9574,0,-2.5221757888793945,1,-3.131126880645752,2,-1.306023120880127,3,-1.5349887609481812,4,2.9794507026672363,5,-0.8486063480377197,6,1.903512716293335,7,-0.22756944596767426,8,-1.7259750366210938,9,1.6536465883255005
9575,0,-1.2773029804229736,1,-1.450709581375122,2,-0.04060084745287895,3,1.2199078798294067,4,1.1343152523040771,5,1.4267672300338745,6,2.2871625423431396,7,0.3596140146255493,8,-1.612856388092041,9,2.351879835128784
9576,0,-0.6014018654823303,1,-1.0526996850967407,2,-1.3497185707092285,3,1.2736568450927734,4,0.07500918209552765,5,0.2103528082370758,6,2.0817716121673584,7,1.982686996459961,8,1.8871965408325195,9,0.0892757922410965
9577,0,-1.3390520811080933,1,-1.6377445459365845,2,-1.8512248992919922,3,-1.5332310199737549,4,-0.5888360142707825,5,0.7489232420921326,6,0.030563456937670708,7,-0.889581561088562,8,1.367698073387146,9,1.8648629188537598
9578,0,-1.4130054712295532,1,-1.942110300064087,2,1.1988385915756226,3,-2.546346664428711,4,-1.6491779088974,5,-0.46670740842819214,6,0.9840941429138184,7,-0.4193198084831238,8,2.6297855377197266,9,-0.16639605164527893
9579,0,2.9378039836883545,1,-1.5223088264465332,2,-2.702871322631836,3,-1.472169041633606,4,0.15867480635643005,5,0.4344497621059418,6,-0.34855419397354126,7,-1.0509699583053589,8,-0.958397388458252,9,-0.5542232394218445
9580,0,-2.7823147773742676,1,-2.5678534507751465,2,-1.500802755355835,3,-0.3654596209526062,4,-0.3775900602340698,5,2.4642865657806396,6,-2.30976939201355,7,1.8599694967269897,8,2.6461024284362793,9,1.7698638439178467
9581,0,3.0509579181671143,1,-0.9529306292533875,2,-2.425917863845825,3,-1.321062684059143,4,-0.7932456135749817,5,1.4797557592391968,6,0.6045979261398315,7,2.448348045349121,8,-1.167874813079834,9,-0.08739184588193893
9582,0,-2.6466901302337646,1,-1.6739495992660522,2,-0.5150508880615234,3,-1.4476392269134521,4,2.9355647563934326,5,0.7394042015075684,6,-0.9616108536720276,7,2.8554799556732178,8,2.2345399856567383,9,0.19528423249721527
9583,0,-2.094789743423462,1,-0.3391014039516449,2,2.603045701980591,3,-2.389585256576538,4,-1.2366442680358887,5,2.1473124027252197,6,1.6929844617843628,7,2.7830915451049805,8,-2.016629219055176,9,2.2254607677459717
9584,0,-2.1490964889526367,1,-3.1100780963897705,2,-0.24163629114627838,3,-0.0533541701734066,4,-0.7343761920928955,5,-1.2858060598373413,6,2.0063676834106445,7,0.20962238311767578,8,-0.3372054994106293,9,-0.8313029408454895
9585,0,-1.5944195985794067,1,-2.5243213176727295,2,-0.11247048527002335,3,-2.948429584503174,4,0.7820519208908081,5,3.070124864578247,6,0.9060341715812683,7,1.7530914545059204,8,0.8497335910797119,9,1.4081144332885742
9586,0,-0.9602070450782776,1,-2.1106159687042236,2,-2.502223491668701,3,1.3566768169403076,4,-0.7383942604064941,5,-0.8265071511268616,6,1.486690878868103,7,2.9196228981018066,8,1.0199997425079346,9,1.4190336465835571
9587,0,-2.086308002471924,1,-1.4853347539901733,2,-1.314573049545288,3,2.655125141143799,4,-1.3232855796813965,5,-1.3100078105926514,6,-2.4849162101745605,7,-0.0520821288228035,8,2.1222095489501953,9,2.4066100120544434
9588,0,-2.146278142929077,1,-1.0725404024124146,2,-0.6961200833320618,3,1.07624351978302,4,-0.34275054931640625,5,2.730346918106079,6,-0.14304357767105103,7,0.6232928037643433,8,1.9722014665603638,9,1.9035111665725708
9589,0,-1.5507491827011108,1,-2.8977324962615967,2,-1.090376853942871,3,1.4275665283203125,4,-0.9411700963973999,5,2.516134738922119,6,-2.97078275680542,7,2.922724723815918,8,2.5441744327545166,9,0.8295438289642334
9590,0,-3.027573347091675,1,-1.6974812746047974,2,1.2987579107284546,3,-2.2576370239257812,4,0.18771955370903015,5,0.07370847463607788,6,2.655822992324829,7,2.765857219696045,8,-0.8914282917976379,9,1.9371631145477295
9591,0,-2.4766149520874023,1,-2.9360711574554443,2,-1.7720227241516113,3,0.31067854166030884,4,-0.7362464070320129,5,2.9268128871917725,6,0.5392130017280579,7,-0.04662773758172989,8,0.8894945383071899,9,0.3256939649581909
9592,0,-1.2809593677520752,1,-2.0614755153656006,2,-0.9184605479240417,3,-2.673292636871338,4,-0.3766663074493408,5,2.819690465927124,6,-0.005159457679837942,7,2.753387928009033,8,-0.22419562935829163,9,0.15003910660743713
9593,0,-2.9344940185546875,1,-2.395686388015747,2,-1.4687517881393433,3,-2.9070894718170166,4,-0.4017201066017151,5,0.2189076542854309,6,0.2792121469974518,7,1.25675368309021,8,-0.4511428475379944,9,2.0292913913726807
9594,0,-2.5564064979553223,1,-0.6524911522865295,2,-1.398582935333252,3,-0.4542787969112396,4,-0.17250296473503113,5,-0.8347524404525757,6,-0.17325471341609955,7,-0.5297914147377014,8,1.9534587860107422,9,0.4671255648136139
9595,0,-1.7866909503936768,1,-0.8003637194633484,2,-3.042973756790161,3,-2.418231725692749,4,-0.40897563099861145,5,-2.52889084815979,6,2.0473740100860596,7,-1.9746074676513672,8,2.7181222438812256,9,0.7414282560348511
9596,0,-2.344644069671631,1,-1.3073228597640991,2,-1.1499744653701782,3,-2.783179759979248,4,0.8715337514877319,5,2.018146276473999,6,0.8983277082443237,7,1.9293498992919922,8,-0.30882182717323303,9,2.609142780303955
9597,0,-1.3124542236328125,1,-0.37891265749931335,2,-2.347012758255005,3,-0.03810036554932594,4,-2.8884284496307373,5,0.8688793182373047,6,-1.1816364526748657,7,1.1898967027664185,8,2.5862843990325928,9,1.6590819358825684
9598,0,-1.3992652893066406,1,-1.0769050121307373,2,-2.6235499382019043,3,1.1937965154647827,4,1.2996333837509155,5,2.097297191619873,6,1.5700546503067017,7,2.4157588481903076,8,3.0401229858398438,9,1.3498495817184448
9599,0,-1.8159042596817017,1,2.6635284423828125,2,0.9250465035438538,3,-0.28417477011680603,4,0.9629569053649902,5,0.2275833785533905,6,2.1747231483459473,7,0.46138468384742737,8,2.7353718280792236,9,2.1016602516174316
9600,0,-0.9021955132484436,1,3.108483076095581,2,0.093742735683918,3,1.1858961582183838,4,1.4579228162765503,5,0.20271793007850647,6,0.5977877974510193,7,2.2752246856689453,8,1.2664318084716797,9,0.893836259841919
9601,0,-2.735698699951172,1,-1.6847584247589111,2,-1.4328776597976685,3,-0.8243067860603333,4,-0.6032084822654724,5,1.0108331441879272,6,2.026768684387207,7,2.323763608932495,8,-2.898599147796631,9,0.8346428275108337
9602,0,-1.6629868745803833,1,-1.5056179761886597,2,-3.088430166244507,3,1.3589526414871216,4,-1.2656344175338745,5,1.7493953704833984,6,1.1705100536346436,7,2.3405959606170654,8,1.548588514328003,9,-0.637502133846283
9603,0,-0.9726729989051819,1,-2.929037094116211,2,-1.9816938638687134,3,-2.8369240760803223,4,-0.7583222985267639,5,-1.9889037609100342,6,1.1800098419189453,7,2.220928192138672,8,-0.012905105017125607,9,0.8583759665489197
9604,0,-2.0549700260162354,1,-1.6573363542556763,2,-1.8933628797531128,3,1.0653822422027588,4,-0.6710037589073181,5,3.0284295082092285,6,2.8578989505767822,7,2.3794336318969727,8,0.676929235458374,9,2.2540628910064697
9605,0,-2.0204782485961914,1,-1.0191926956176758,2,-2.635768175125122,3,-1.2569633722305298,4,0.7873504161834717,5,-1.3792344331741333,6,1.8337349891662598,7,0.6338803172111511,8,2.601346731185913,9,2.3488292694091797
9606,0,-1.9829628467559814,1,-1.6606265306472778,2,-1.509473204612732,3,-1.62056565284729,4,0.25589480996131897,5,0.3686196208000183,6,1.150202751159668,7,-0.1413867473602295,8,2.461373805999756,9,2.9703145027160645
9607,0,-1.2712717056274414,1,-1.9037002325057983,2,-0.9730259776115417,3,-1.194451093673706,4,-2.5264642238616943,5,1.7414641380310059,6,3.0535616874694824,7,3.13566255569458,8,2.1299424171447754,9,1.680946946144104
9608,0,-2.869009017944336,1,-1.052032709121704,2,-0.19220057129859924,3,1.067481517791748,4,1.0847342014312744,5,1.5768102407455444,6,2.246980667114258,7,1.360051155090332,8,-2.387672185897827,9,1.5767585039138794
9609,0,-1.9286566972732544,1,-2.2679800987243652,2,1.1542309522628784,3,1.0850080251693726,4,3.0922675132751465,5,2.81595778465271,6,1.5261508226394653,7,2.2056667804718018,8,0.46794208884239197,9,0.5630125999450684
9610,0,-2.5511186122894287,1,-2.124065399169922,2,-0.8072968125343323,3,-2.3459410667419434,4,-0.4621547758579254,5,0.5217631459236145,6,1.8535199165344238,7,2.102632761001587,8,2.8984060287475586,9,2.10544753074646
9611,0,-1.961182951927185,1,2.603665590286255,2,-0.7429343461990356,3,0.09218070656061172,4,3.0142781734466553,5,1.317211627960205,6,0.874518096446991,7,2.879793643951416,8,2.8027150630950928,9,2.235136032104492
9612,0,-2.044541835784912,1,2.4420251846313477,2,-2.429023265838623,3,1.118964672088623,4,-1.0158363580703735,5,1.642143726348877,6,-0.8974661231040955,7,2.8227274417877197,8,0.720468282699585,9,3.0665409564971924
9613,0,-3.1061954498291016,1,-0.8896610736846924,2,0.753304123878479,3,-1.3395394086837769,4,0.861677885055542,5,1.907344102859497,6,0.2194317877292633,7,2.64916729927063,8,2.6378066539764404,9,0.30699896812438965
9614,0,-0.19443146884441376,1,-0.21936023235321045,2,-1.8708012104034424,3,0.27917391061782837,4,-0.5590724945068359,5,1.0618219375610352,6,0.024378322064876556,7,1.9629381895065308,8,0.3824551999568939,9,1.2878735065460205
9615,0,-1.3327986001968384,1,-1.8902614116668701,2,-0.9601666331291199,3,0.9450972080230713,4,0.9887943863868713,5,2.12400484085083,6,1.2229498624801636,7,-0.262773722410202,8,1.7359719276428223,9,2.626549243927002
9616,0,-2.1890504360198975,1,-2.4119832515716553,2,-1.3246256113052368,3,1.259084939956665,4,-2.2524402141571045,5,0.05975004658102989,6,0.8922228217124939,7,1.929990291595459,8,-1.4611623287200928,9,2.552624225616455
9617,0,-1.478777527809143,1,-0.367213636636734,2,-2.3480148315429688,3,1.1481953859329224,4,-0.7571839690208435,5,0.19706735014915466,6,-0.767880380153656,7,1.0927152633666992,8,2.3013081550598145,9,2.520174264907837
9618,0,-3.0164623260498047,1,-0.7958661317825317,2,1.3371350765228271,3,-1.1919766664505005,4,2.9021522998809814,5,1.5178258419036865,6,-0.29645493626594543,7,1.7055742740631104,8,1.4766637086868286,9,2.3611176013946533
9619,0,-2.182661771774292,1,-3.1013638973236084,2,-2.050050973892212,3,-1.4744136333465576,4,2.536463737487793,5,2.8849732875823975,6,-0.596272349357605,7,2.728205919265747,8,-0.4559671878814697,9,2.124054431915283
9620,0,-0.7700623869895935,1,-2.0008833408355713,2,-1.061052918434143,3,-1.6975845098495483,4,1.3953944444656372,5,1.7230565547943115,6,2.170069694519043,7,-1.4857898950576782,8,0.21185174584388733,9,2.13749098777771
9621,0,-1.3635731935501099,1,2.7775192260742188,2,-2.3196377754211426,3,1.2102378606796265,4,-0.09607396274805069,5,0.5781297087669373,6,3.008356809616089,7,-1.3293713331222534,8,-0.23513047397136688,9,2.399345636367798
9622,0,-2.2112622261047363,1,-1.2263327836990356,2,-0.8506038784980774,3,1.3241249322891235,4,2.1603212356567383,5,0.8906725645065308,6,-2.125434398651123,7,1.6875721216201782,8,-0.16014434397220612,9,2.9614484310150146
9623,0,-1.815880298614502,1,-0.7190003395080566,2,-1.910120964050293,3,1.0378590822219849,4,-1.5497946739196777,5,0.4733360707759857,6,2.2813777923583984,7,0.2475050538778305,8,2.9554200172424316,9,1.513093113899231
9624,0,-1.5277459621429443,1,-0.2619539201259613,2,2.859875440597534,3,-0.49457597732543945,4,2.8950114250183105,5,0.9317351579666138,6,0.06762337684631348,7,2.7682464122772217,8,2.114297866821289,9,2.4549238681793213
9625,0,-0.6295652389526367,1,1.0698349475860596,2,-2.62471604347229,3,2.8964099884033203,4,0.7186052799224854,5,0.942057728767395,6,1.7258449792861938,7,-0.9477781653404236,8,0.48256194591522217,9,2.978595018386841
9626,0,-2.318577766418457,1,-1.6787989139556885,2,-1.751645803451538,3,-1.082606315612793,4,-2.315304756164551,5,-0.46325913071632385,6,2.5319712162017822,7,-0.6583651304244995,8,2.592501163482666,9,1.2613507509231567
9627,0,-2.2638463973999023,1,-2.8370723724365234,2,-2.3071649074554443,3,-1.329073190689087,4,-1.4232938289642334,5,2.2787272930145264,6,-1.5725029706954956,7,1.5201791524887085,8,2.248851776123047,9,0.5100289583206177
9628,0,-2.424807548522949,1,-1.8042935132980347,2,-2.5076494216918945,3,2.712643623352051,4,2.6178855895996094,5,0.08507507294416428,6,1.3814128637313843,7,1.325629472732544,8,0.5085367560386658,9,2.962465524673462
9629,0,-2.37677264213562,1,-2.1652379035949707,2,0.8296363949775696,3,-0.4623095691204071,4,0.8403127789497375,5,2.7067227363586426,6,-2.7095413208007812,7,0.13836076855659485,8,2.3788869380950928,9,1.9306468963623047
9630,0,-2.7377171516418457,1,-2.1012723445892334,2,-2.645857095718384,3,-3.0881264209747314,4,-2.368955612182617,5,2.2116055488586426,6,2.568927049636841,7,2.941906690597534,8,-0.9448835253715515,9,-2.401358127593994
9631,0,-1.348405361175537,1,-1.8665969371795654,2,-0.5228185057640076,3,-0.8255106806755066,4,-0.728187084197998,5,1.1231727600097656,6,0.33944615721702576,7,1.9525185823440552,8,-0.23197738826274872,9,-1.3572216033935547
9632,0,-1.9856919050216675,1,-1.3961442708969116,2,-1.3185341358184814,3,1.0277496576309204,4,0.6640030741691589,5,1.9583654403686523,6,-0.5410218238830566,7,2.036398410797119,8,1.692024827003479,9,0.3094225525856018
9633,0,-2.0793702602386475,1,-0.44362661242485046,2,-1.6136445999145508,3,1.4927328824996948,4,0.502178966999054,5,-0.8277727365493774,6,-2.3737757205963135,7,0.1334865242242813,8,1.5751157999038696,9,3.0414915084838867
9634,0,-2.8879950046539307,1,-2.4277124404907227,2,-0.031706035137176514,3,-3.1154556274414062,4,-2.9721713066101074,5,1.6781761646270752,6,2.9473042488098145,7,1.5725302696228027,8,1.9672658443450928,9,-3.02976131439209
9635,0,-1.8902227878570557,1,2.004987955093384,2,0.10672387480735779,3,-2.534878969192505,4,1.1308094263076782,5,2.8109629154205322,6,0.5698046088218689,7,1.730805516242981,8,1.953324317932129,9,1.701446771621704
9636,0,-2.2179713249206543,1,-2.638902187347412,2,-2.2745189666748047,3,1.0083413124084473,4,0.885371208190918,5,0.7344739437103271,6,0.11368521302938461,7,1.5529288053512573,8,-0.44411325454711914,9,0.9103525876998901
9637,0,-2.8727967739105225,1,-2.7221100330352783,2,-1.5671358108520508,3,-2.9790680408477783,4,-1.209081768989563,5,-1.4539707899093628,6,-0.9089063405990601,7,-0.16471144556999207,8,2.4363019466400146,9,0.9864087700843811
9638,0,-0.659008800983429,1,-1.9076083898544312,2,-3.129467248916626,3,-0.3066632151603699,4,-0.26268669962882996,5,-0.46454450488090515,6,-1.0835304260253906,7,2.1174168586730957,8,2.6336395740509033,9,0.7173539996147156
9639,0,-2.9726791381835938,1,-0.5505653023719788,2,1.2042514085769653,3,3.127378463745117,4,-0.7235926985740662,5,-1.0150920152664185,6,2.3333144187927246,7,2.604766368865967,8,-0.49559399485588074,9,0.4013872742652893
9640,0,-2.0288515090942383,1,-2.885762929916382,2,1.010644555091858,3,1.4016735553741455,4,1.3824303150177002,5,1.9981052875518799,6,2.4485056400299072,7,-0.7953155636787415,8,2.352322578430176,9,0.1636781543493271
9641,0,-1.6927627325057983,1,-2.4946587085723877,2,-2.0826032161712646,3,-1.14083993434906,4,-1.93459153175354,5,0.9516594409942627,6,-0.9389422535896301,7,0.1370341181755066,8,-1.8483030796051025,9,-1.7879890203475952
9642,0,-2.5404651165008545,1,-0.7958024144172668,2,-2.609966516494751,3,0.12461813539266586,4,-0.8018045425415039,5,0.7318196296691895,6,-0.840576708316803,7,2.0711352825164795,8,3.098358631134033,9,-0.45502007007598877
9643,0,-3.044278144836426,1,-0.5073003172874451,2,0.15413996577262878,3,-0.15849286317825317,4,-0.2879004180431366,5,2.820777416229248,6,1.5945948362350464,7,0.21069763600826263,8,0.9686885476112366,9,3.033538579940796
9644,0,-2.1457653045654297,1,-0.7272074818611145,2,-2.097987651824951,3,-3.057741403579712,4,-0.6967533230781555,5,3.0992841720581055,6,1.1570032835006714,7,0.28328391909599304,8,0.5088654160499573,9,2.1001830101013184
9645,0,-2.498166084289551,1,-2.0974020957946777,2,-1.5303419828414917,3,-0.2639699876308441,4,-1.428574800491333,5,2.8091607093811035,6,-1.932232141494751,7,0.5214105248451233,8,2.6358532905578613,9,0.2796722948551178
9646,0,1.2634799480438232,1,-0.3578464686870575,2,0.06542232632637024,3,1.820197343826294,4,-0.3669848144054413,5,2.9175617694854736,6,0.30419886112213135,7,2.7878222465515137,8,2.1706042289733887,9,0.518653392791748
9647,0,2.936746120452881,1,-2.748784303665161,2,-1.5453115701675415,3,1.3404358625411987,4,0.5985302329063416,5,-1.0670554637908936,6,0.3679903447628021,7,2.428875207901001,8,1.6635113954544067,9,0.3780508041381836
9648,0,-2.345132827758789,1,-2.252514362335205,2,-2.0255956649780273,3,-0.8589796423912048,4,-2.864133358001709,5,0.28636568784713745,6,0.16239160299301147,7,1.5501629114151,8,-3.00312876701355,9,-0.02654244937002659
9649,0,-1.3536865711212158,1,0.3575434982776642,2,-2.851987600326538,3,-0.7444862723350525,4,1.7765830755233765,5,0.2501201629638672,6,1.4036660194396973,7,0.9948204159736633,8,2.5281765460968018,9,2.467270851135254
9650,0,-2.532341480255127,1,-0.4381842613220215,2,-2.024808406829834,3,3.0968058109283447,4,0.9933419823646545,5,-0.8323987126350403,6,2.162623882293701,7,1.399335503578186,8,0.507925271987915,9,0.4506329596042633
9651,0,-1.9230910539627075,1,-1.691035509109497,2,2.8897838592529297,3,-1.310989499092102,4,-1.2421772480010986,5,1.9543986320495605,6,3.0974812507629395,7,-0.16614629328250885,8,1.5361367464065552,9,0.10305511951446533
9652,0,-1.638211965560913,1,-2.0669338703155518,2,-2.0164668560028076,3,2.6338717937469482,4,-0.2537345886230469,5,2.1789426803588867,6,1.8869047164916992,7,1.2505561113357544,8,2.8904483318328857,9,0.2737170457839966
9653,0,-2.1251819133758545,1,-0.6880410313606262,2,-1.6966196298599243,3,-0.5901339650154114,4,0.21048235893249512,5,2.966712236404419,6,0.3258146047592163,7,3.0892930030822754,8,1.0826128721237183,9,2.7345693111419678
9654,0,-0.5658859610557556,1,-1.5754989385604858,2,-1.3074452877044678,3,-0.769061803817749,4,-0.41031378507614136,5,-3.044203996658325,6,-0.17091068625450134,7,0.4005734622478485,8,2.287628650665283,9,0.8501266241073608
9655,0,-2.6111302375793457,1,-2.787196159362793,2,1.2469505071640015,3,-0.6805660128593445,4,-2.9052820205688477,5,1.6805229187011719,6,1.8986153602600098,7,-0.9733251333236694,8,3.0889902114868164,9,1.471315860748291
9656,0,-2.1587164402008057,1,-2.8363168239593506,2,-2.5181806087493896,3,0.9666176438331604,4,2.6312363147735596,5,2.211977005004883,6,-1.0862772464752197,7,2.778444766998291,8,2.4188857078552246,9,2.2194385528564453
9657,0,1.9774107933044434,1,-2.8738925457000732,2,-2.908444404602051,3,-1.7822660207748413,4,3.125182867050171,5,-0.856692373752594,6,2.198038339614868,7,2.7450594902038574,8,-2.291755199432373,9,1.648139476776123
9658,0,-2.280864953994751,1,-0.5168148279190063,2,-1.94231379032135,3,2.744364023208618,4,0.04097837582230568,5,1.911206841468811,6,2.0853044986724854,7,0.34888601303100586,8,2.3137619495391846,9,1.8433506488800049
9659,0,3.1409425735473633,1,-2.768155813217163,2,-0.755412220954895,3,-0.3721187710762024,4,1.1068062782287598,5,0.12584474682807922,6,2.703467845916748,7,0.9788798689842224,8,0.6207512617111206,9,0.6952453851699829
9660,0,-2.9028573036193848,1,-0.6632212996482849,2,-0.6212406158447266,3,-0.44181931018829346,4,0.8450025916099548,5,0.06344635784626007,6,-1.565059781074524,7,-2.2759978771209717,8,1.7849761247634888,9,2.156576156616211
9661,0,-2.9003119468688965,1,-1.478423833847046,2,3.007296562194824,3,-1.0829246044158936,4,-1.848780632019043,5,2.143219470977783,6,2.392073631286621,7,-0.06455247849225998,8,2.4544265270233154,9,-0.15974384546279907
9662,0,-2.0145766735076904,1,-0.45771053433418274,2,-3.134500741958618,3,0.4364817142486572,4,1.3420767784118652,5,-0.9890418648719788,6,-3.0549216270446777,7,1.8617818355560303,8,0.004790289327502251,9,0.321590393781662
9663,0,-1.957665205001831,1,-2.3436710834503174,2,-2.4573235511779785,3,-2.524644613265991,4,-0.051168788224458694,5,2.0981557369232178,6,0.4794712960720062,7,0.9798181653022766,8,2.3533401489257812,9,0.7561355829238892
9664,0,-2.5621118545532227,1,-0.5928155779838562,2,-2.0976130962371826,3,2.8210976123809814,4,-1.4542031288146973,5,2.6517419815063477,6,-0.4177548289299011,7,2.2367169857025146,8,2.5747597217559814,9,-0.7332912683486938
9665,0,-2.7873611450195312,1,0.09112997353076935,2,-2.414971113204956,3,1.4118973016738892,4,2.316499710083008,5,2.7114455699920654,6,1.1126577854156494,7,2.1521806716918945,8,0.21368131041526794,9,2.277554512023926
9666,0,-1.9655629396438599,1,-2.481478452682495,2,-0.8661338090896606,3,-0.1465519368648529,4,-0.4704083204269409,5,-2.2216432094573975,6,1.9828057289123535,7,2.108574151992798,8,2.5469508171081543,9,1.3239916563034058
9667,0,-2.861189365386963,1,-1.6652082204818726,2,-1.0371590852737427,3,2.799938201904297,4,-0.8221323490142822,5,-1.5988519191741943,6,-0.8651191592216492,7,3.1193432807922363,8,2.2402431964874268,9,2.0255205631256104
9668,0,0.4871649146080017,1,-0.545257031917572,2,-0.8067432641983032,3,-0.5672634243965149,4,2.927929162979126,5,0.9753570556640625,6,-2.8964085578918457,7,0.6184981465339661,8,1.9608131647109985,9,0.5182446241378784
9669,0,-2.759530782699585,1,-1.943038821220398,2,-2.954885721206665,3,-1.8213714361190796,4,-0.7908360958099365,5,2.532097816467285,6,-1.2023500204086304,7,0.018677443265914917,8,2.9193992614746094,9,-1.1247382164001465
9670,0,-1.7487488985061646,1,-1.1216055154800415,2,-1.5603002309799194,3,-0.2505912780761719,4,1.375600814819336,5,2.199486017227173,6,-2.817859649658203,7,0.9968416690826416,8,1.0597296953201294,9,1.8502548933029175
9671,0,-2.1519250869750977,1,-2.4679741859436035,2,-0.8368880748748779,3,-2.575199604034424,4,-2.7601027488708496,5,2.343832015991211,6,1.0048006772994995,7,-1.3315988779067993,8,3.1147775650024414,9,2.5056259632110596
9672,0,-1.534974217414856,1,-2.6225881576538086,2,-1.867478370666504,3,-1.5765656232833862,4,3.05214262008667,5,-0.0626826211810112,6,0.6817100644111633,7,2.1418673992156982,8,0.08091144263744354,9,1.827032208442688
9673,0,-2.2565808296203613,1,3.076188802719116,2,-2.0016720294952393,3,1.220646619796753,4,1.2862589359283447,5,-2.537229537963867,6,-1.7872170209884644,7,0.09707222133874893,8,1.199571967124939,9,0.10626546293497086
9674,0,-2.7334635257720947,1,-2.840350866317749,2,-1.781234860420227,3,-2.890778064727783,4,-2.0822513103485107,5,0.20848539471626282,6,1.2335505485534668,7,1.5541847944259644,8,0.24625489115715027,9,-3.131695508956909
9675,0,-2.9646108150482178,1,-2.2660927772521973,2,-2.3528833389282227,3,-1.0451748371124268,4,-2.977757215499878,5,-1.1678873300552368,6,1.975711464881897,7,1.907114028930664,8,1.3981117010116577,9,1.4297091960906982
9676,0,-2.9327735900878906,1,-1.130158543586731,2,-0.3245081901550293,3,-0.8655209541320801,4,2.53975248336792,5,0.00404887180775404,6,0.4528999328613281,7,0.5308617353439331,8,1.4168916940689087,9,1.7259202003479004
9677,0,-3.0500564575195312,1,-1.9849097728729248,2,-0.39552953839302063,3,2.867783308029175,4,2.3117194175720215,5,0.8765242695808411,6,2.4871177673339844,7,0.6953796148300171,8,1.6650176048278809,9,2.7186145782470703
9678,0,-2.637909412384033,1,-2.7016308307647705,2,-2.0839576721191406,3,0.5745168924331665,4,-0.9487746357917786,5,-1.4152300357818604,6,2.0144317150115967,7,1.57767915725708,8,2.9750025272369385,9,2.038546562194824
9679,0,-1.8721020221710205,1,-1.3623148202896118,2,-1.5407143831253052,3,-1.7073771953582764,4,1.4559011459350586,5,-3.1384544372558594,6,1.7388696670532227,7,3.0077931880950928,8,3.0066676139831543,9,-2.782320976257324
9680,0,-2.0294718742370605,1,-0.811516284942627,2,0.15090347826480865,3,0.13726823031902313,4,-0.813862681388855,5,0.7008957266807556,6,-1.060575008392334,7,1.9604358673095703,8,1.7006782293319702,9,-0.2477596402168274
9681,0,-2.064420223236084,1,-2.4645042419433594,2,-0.6050220131874084,3,-2.939918279647827,4,-0.5766199827194214,5,2.292269706726074,6,0.6858410835266113,7,0.5104594230651855,8,2.617642879486084,9,-1.1784355640411377
9682,0,-1.7529668807983398,1,-1.7666538953781128,2,-2.035191774368286,3,-0.8304182291030884,4,-2.0007131099700928,5,-0.2837567925453186,6,2.2386021614074707,7,2.2744803428649902,8,1.3868855237960815,9,0.5157361030578613
9683,0,-2.405052423477173,1,-1.7357279062271118,2,-1.7043259143829346,3,-1.0858243703842163,4,-0.4166777729988098,5,0.9402488470077515,6,2.970264196395874,7,0.7175124883651733,8,-0.8444123268127441,9,3.0146453380584717
9684,0,-2.9013149738311768,1,2.4320735931396484,2,-0.6280840635299683,3,0.6353315114974976,4,0.24613425135612488,5,1.8736590147018433,6,-0.05062909796833992,7,2.2345798015594482,8,2.536060094833374,9,1.9236024618148804
9685,0,-1.814358115196228,1,-1.7697627544403076,2,3.0112054347991943,3,2.909755229949951,4,2.0288732051849365,5,0.6487501859664917,6,2.285989284515381,7,0.30446794629096985,8,0.8364993333816528,9,2.06463360786438
9686,0,2.554692029953003,1,-1.6123735904693604,2,-2.7816808223724365,3,-2.2042958736419678,4,0.9964277744293213,5,-0.21302954852581024,6,1.8175190687179565,7,0.35737982392311096,8,-1.2199876308441162,9,1.9301655292510986
9687,0,-1.7686843872070312,1,-2.35307240486145,2,0.32265201210975647,3,-2.209566831588745,4,0.16781453788280487,5,1.791752576828003,6,0.27332714200019836,7,2.330521583557129,8,1.9809390306472778,9,0.7383123636245728
9688,0,-1.7888516187667847,1,-2.824012517929077,2,1.1551789045333862,3,0.8011326789855957,4,0.27764302492141724,5,2.2874252796173096,6,2.6758739948272705,7,2.887618064880371,8,2.0937371253967285,9,2.47318959236145
9689,0,-1.828075647354126,1,-2.7703306674957275,2,-2.0307250022888184,3,-2.2161474227905273,4,-0.4102136492729187,5,-1.7097625732421875,6,2.763579845428467,7,0.8949863314628601,8,-1.6239093542099,9,2.9137701988220215
9690,0,-2.0889766216278076,1,-0.7693867087364197,2,-2.9693002700805664,3,-0.07556688040494919,4,0.9137874245643616,5,-0.9479417204856873,6,2.6771531105041504,7,0.7519868016242981,8,0.8411512970924377,9,0.5914658904075623
9691,0,-2.0045557022094727,1,-1.2333112955093384,2,-2.9387617111206055,3,-1.365317702293396,4,2.913727283477783,5,1.0503621101379395,6,0.6370372772216797,7,2.2786457538604736,8,1.3262373208999634,9,0.5188038349151611
9692,0,-2.657097578048706,1,-2.77744197845459,2,-0.912919819355011,3,-2.874479055404663,4,1.1221882104873657,5,1.0836775302886963,6,-1.770340919494629,7,0.1031077578663826,8,1.4419302940368652,9,0.9859253168106079
9693,0,-2.274508237838745,1,-0.6325040459632874,2,1.8444201946258545,3,-2.604849338531494,4,-0.247178316116333,5,-0.34653815627098083,6,2.697937250137329,7,1.8942478895187378,8,0.6901714205741882,9,2.0782222747802734
9694,0,-2.7823503017425537,1,-0.3600100874900818,2,-2.9114837646484375,3,-0.10829068720340729,4,-1.6564942598342896,5,1.931175947189331,6,2.3443500995635986,7,0.3507624864578247,8,0.6623446345329285,9,-0.7844740748405457
9695,0,3.1042373180389404,1,-1.9499796628952026,2,-1.7478625774383545,3,-2.7305493354797363,4,2.7549455165863037,5,1.6624555587768555,6,-0.8338067531585693,7,2.6815154552459717,8,-1.2662229537963867,9,0.541216254234314
9696,0,-2.6110353469848633,1,0.18387377262115479,2,-1.2043088674545288,3,-0.2710224688053131,4,-1.167305827140808,5,2.856510877609253,6,1.3489183187484741,7,2.842582941055298,8,2.362577438354492,9,2.1362826824188232
9697,0,-1.607887864112854,1,-0.25110307335853577,2,-1.3967008590698242,3,-1.5520598888397217,4,1.111968755722046,5,2.1120896339416504,6,1.323639988899231,7,-0.0012128015514463186,8,2.458380699157715,9,1.1007318496704102
9698,0,-2.373727560043335,1,-2.009657144546509,2,-1.3194531202316284,3,-1.0057506561279297,4,-1.0430940389633179,5,0.805083692073822,6,2.575805425643921,7,1.768536925315857,8,1.9354199171066284,9,2.7722573280334473
9699,0,-0.21385447680950165,1,-1.4478647708892822,2,-0.04661016911268234,3,2.587080478668213,4,2.3326122760772705,5,0.4304005205631256,6,0.9879266619682312,7,2.2946290969848633,8,0.13055762648582458,9,2.3904807567596436
9700,0,-0.5172340869903564,1,-2.60404896736145,2,0.8081313967704773,3,-0.022596091032028198,4,2.47515606880188,5,2.1817357540130615,6,0.18071846663951874,7,0.599554181098938,8,1.792798399925232,9,1.9563499689102173
9701,0,-1.748748779296875,1,0.9840269684791565,2,-0.2280014157295227,3,0.2527807950973511,4,0.02383572608232498,5,0.3851613700389862,6,-1.3242768049240112,7,0.6725987792015076,8,0.3291114270687103,9,2.422468423843384
9702,0,-1.8340619802474976,1,1.1387939453125,2,-2.7702252864837646,3,1.6992747783660889,4,0.6970805525779724,5,0.38991472125053406,6,0.7839606404304504,7,1.7373578548431396,8,2.4444470405578613,9,1.7847092151641846
9703,0,-2.1430392265319824,1,-0.4646639823913574,2,1.0923192501068115,3,-0.9149800539016724,4,0.5343309640884399,5,0.26588326692581177,6,0.43326127529144287,7,2.1935062408447266,8,2.255221128463745,9,3.0173561573028564
9704,0,-1.9213510751724243,1,-1.929146647453308,2,-2.452253580093384,3,-0.6362066864967346,4,-2.8042166233062744,5,-1.1069985628128052,6,-2.2346291542053223,7,-1.0608241558074951,8,2.9165894985198975,9,-2.9076738357543945
9705,0,-2.68703556060791,1,-2.5769357681274414,2,-0.9006993174552917,3,-2.977221965789795,4,-0.6523990631103516,5,-1.0738229751586914,6,3.0979275703430176,7,1.391795039176941,8,-2.8176841735839844,9,-2.2987453937530518
9706,0,-1.4147273302078247,1,-1.2198530435562134,2,-1.683330774307251,3,1.0913962125778198,4,-0.5778585076332092,5,0.891160249710083,6,2.1017234325408936,7,1.5473674535751343,8,-1.1022266149520874,9,1.8400250673294067
9707,0,-2.3089818954467773,1,-0.8472127318382263,2,-1.9282418489456177,3,-1.376694679260254,4,-0.2319469004869461,5,2.605337142944336,6,-1.0345113277435303,7,-0.8589529991149902,8,0.0883110985159874,9,0.5878543853759766
9708,0,-2.814948081970215,1,-2.2894625663757324,2,-0.8614019155502319,3,-1.4728161096572876,4,-2.307304859161377,5,-0.912865161895752,6,-0.47774338722229004,7,2.0139753818511963,8,-1.3258136510849,9,-0.7209507822990417
9709,0,-2.682008981704712,1,-3.121140956878662,2,3.132946014404297,3,1.5625144243240356,4,1.1463388204574585,5,1.3206627368927002,6,-0.3428671658039093,7,2.810903787612915,8,2.348749876022339,9,2.3996806144714355
9710,0,-0.9501004815101624,1,-0.46602344512939453,2,-2.1975157260894775,3,-2.9586024284362793,4,0.02775050513446331,5,-0.7902207970619202,6,-3.120840072631836,7,2.075364589691162,8,1.449031114578247,9,2.308056592941284
9711,0,-1.9152984619140625,1,-2.3481926918029785,2,-0.7817823886871338,3,0.6759462356567383,4,1.5670483112335205,5,1.0609171390533447,6,-0.20164474844932556,7,-0.10721715539693832,8,2.4822487831115723,9,0.7973732948303223
9712,0,-1.310768961906433,1,-1.4942059516906738,2,-1.0184335708618164,3,-0.19737564027309418,4,-1.2859044075012207,5,-0.4977179765701294,6,1.4464988708496094,7,0.6718530654907227,8,0.2706301212310791,9,2.047780990600586
9713,0,-2.4625048637390137,1,-2.38285756111145,2,1.028299331665039,3,-2.6067240238189697,4,-2.0680904388427734,5,1.6128525733947754,6,2.8900723457336426,7,3.0605952739715576,8,0.6830390691757202,9,0.08611376583576202
9714,0,-2.555654764175415,1,-1.2215980291366577,2,-3.058985948562622,3,-1.1392323970794678,4,-1.312200903892517,5,0.7003607153892517,6,0.8435337543487549,7,1.5436108112335205,8,1.6238003969192505,9,2.3504550457000732
9715,0,-2.0007317066192627,1,-1.1326079368591309,2,-2.2244863510131836,3,1.1118972301483154,4,-1.3610525131225586,5,0.9466543197631836,6,1.2152646780014038,7,2.0492823123931885,8,0.6861555576324463,9,0.33559879660606384
9716,0,-1.6936194896697998,1,-0.1965416520833969,2,0.19683609902858734,3,0.6335599422454834,4,2.959660530090332,5,2.6738839149475098,6,0.915217399597168,7,2.1349847316741943,8,0.7331981062889099,9,2.068402051925659
9717,0,-2.499676465988159,1,-1.7051374912261963,2,-2.0173048973083496,3,-1.5548018217086792,4,0.20255601406097412,5,0.8884727954864502,6,0.47932013869285583,7,1.7244579792022705,8,0.42283979058265686,9,2.1058125495910645
9718,0,3.0814402103424072,1,-2.036832332611084,2,-1.9203559160232544,3,-1.6837432384490967,4,-2.930530548095703,5,-3.1405396461486816,6,2.9971425533294678,7,0.8221548795700073,8,1.4747954607009888,9,1.6613366603851318
9719,0,-1.8532534837722778,1,-1.11421799659729,2,-1.9854904413223267,3,1.1098413467407227,4,1.2530651092529297,5,0.6346911191940308,6,0.5504066944122314,7,2.257099151611328,8,0.06778907030820847,9,1.2680927515029907
9720,0,-2.697530746459961,1,-0.8848040103912354,2,-2.5556554794311523,3,0.9025661945343018,4,2.1877293586730957,5,0.9203470349311829,6,1.2911878824234009,7,2.487786054611206,8,2.2985451221466064,9,2.2162837982177734
9721,0,-1.6273367404937744,1,2.928986072540283,2,-1.4188295602798462,3,-0.28348982334136963,4,2.674424409866333,5,2.5944571495056152,6,-1.2480170726776123,7,1.4744000434875488,8,1.3525043725967407,9,1.6037535667419434
9722,0,-1.355593204498291,1,-2.6803300380706787,2,-0.41416794061660767,3,-1.9897502660751343,4,3.0088231563568115,5,0.01642913743853569,6,2.9679415225982666,7,1.0208145380020142,8,-1.0931320190429688,9,0.6619141101837158
9723,0,-2.0130608081817627,1,-1.3330953121185303,2,-1.664028525352478,3,-0.8802047967910767,4,-1.3439429998397827,5,-0.7765292525291443,6,-1.421259880065918,7,1.4953804016113281,8,-2.623023271560669,9,-0.39032283425331116
9724,0,-1.749830961227417,1,-0.8127275705337524,2,-2.2562053203582764,3,-2.850783586502075,4,1.05316162109375,5,-0.3905027508735657,6,-0.7244320511817932,7,2.617140054702759,8,0.8165614604949951,9,1.4339920282363892
9725,0,-2.4454240798950195,1,-1.6415923833847046,2,-0.6757768392562866,3,-1.1775047779083252,4,-1.1486258506774902,5,2.3954224586486816,6,2.036229372024536,7,0.575179934501648,8,2.909944534301758,9,1.568185806274414
9726,0,-2.411410331726074,1,-2.202244281768799,2,1.1745853424072266,3,0.11734519153833389,4,-2.068145275115967,5,2.1885526180267334,6,1.834107518196106,7,0.2660863399505615,8,2.4219350814819336,9,2.4435346126556396
9727,0,-2.6793289184570312,1,-1.252492070198059,2,0.050802282989025116,3,-2.9408273696899414,4,-1.2990961074829102,5,2.9575986862182617,6,1.6393413543701172,7,2.1718173027038574,8,1.547544002532959,9,2.5052554607391357
9728,0,-0.7797964811325073,1,-0.048840899020433426,2,-0.23710277676582336,3,-0.95793616771698,4,-2.210233449935913,5,2.991729259490967,6,-1.0953996181488037,7,1.3064805269241333,8,2.94088077545166,9,2.555042028427124
9729,0,-3.04479718208313,1,-1.870316982269287,2,-0.4394250512123108,3,-0.8169170618057251,4,-0.8401743769645691,5,2.13210391998291,6,-0.14829792082309723,7,0.9736547470092773,8,0.6499865651130676,9,-0.011816618964076042
9730,0,-2.7772936820983887,1,-1.390774130821228,2,0.09157518297433853,3,-2.6475226879119873,4,2.6220016479492188,5,2.1112358570098877,6,1.8043522834777832,7,0.527924656867981,8,1.1369144916534424,9,-0.59272301197052
9731,0,-2.9481875896453857,1,3.0229179859161377,2,-3.1012585163116455,3,-0.3427479565143585,4,1.972824215888977,5,1.4040603637695312,6,1.6984562873840332,7,0.16943088173866272,8,2.134536027908325,9,-2.531233072280884
9732,0,-2.2533605098724365,1,-1.6165025234222412,2,-1.5800355672836304,3,3.0858373641967773,4,-0.9362093806266785,5,-0.18588866293430328,6,-1.137208342552185,7,1.5265579223632812,8,-1.397297978401184,9,2.75270414352417
9733,0,-2.29293155670166,1,-0.9555329084396362,2,-1.4496235847473145,3,-0.5675809383392334,4,-0.8635819554328918,5,1.7933214902877808,6,0.761490523815155,7,1.341241478919983,8,2.769943952560425,9,-0.38445165753364563
9734,0,2.933976411819458,1,-2.1122255325317383,2,-0.7562736868858337,3,-1.5806118249893188,4,-0.780712902545929,5,0.15315361320972443,6,2.2721288204193115,7,1.8734055757522583,8,2.93678617477417,9,0.7931486368179321
9735,0,1.6187413930892944,1,-1.4427180290222168,2,-1.061113953590393,3,-1.2567588090896606,4,2.0020158290863037,5,1.5044641494750977,6,2.5411899089813232,7,-0.9470140337944031,8,2.2204599380493164,9,1.9792612791061401
9736,0,-3.0169851779937744,1,-1.9621224403381348,2,-2.761169910430908,3,-0.9149680137634277,4,-2.9353373050689697,5,0.45077526569366455,6,0.7215425968170166,7,2.324506998062134,8,-1.5770312547683716,9,-0.25778716802597046
9737,0,-2.2254443168640137,1,-2.253795623779297,2,3.1218185424804688,3,1.286985993385315,4,-1.8812006711959839,5,2.1040515899658203,6,-0.9552162289619446,7,0.5308588147163391,8,1.5743829011917114,9,1.516106128692627
9738,0,-2.343902587890625,1,-2.160386562347412,2,-3.1218621730804443,3,-0.9485723972320557,4,0.08727487921714783,5,-1.5777064561843872,6,3.0606091022491455,7,-1.3401033878326416,8,1.2846204042434692,9,1.46433424949646
9739,0,-2.15080189704895,1,-2.705274820327759,2,0.3142116069793701,3,-1.7279947996139526,4,-1.0195151567459106,5,1.0598644018173218,6,1.3187438249588013,7,-1.1715803146362305,8,2.044729709625244,9,2.780468225479126
9740,0,2.464763879776001,1,-1.3339600563049316,2,3.022089719772339,3,1.8218737840652466,4,0.9789696931838989,5,2.1268274784088135,6,1.9518836736679077,7,1.6286277770996094,8,0.2550978362560272,9,0.9100337028503418
9741,0,-1.1411919593811035,1,-1.154379963874817,2,0.16424724459648132,3,-1.2752764225006104,4,-2.4181249141693115,5,0.7216126918792725,6,1.5576050281524658,7,0.48602867126464844,8,1.5664265155792236,9,-0.1296827644109726
9742,0,-3.091719627380371,1,-1.7612996101379395,2,-1.1923496723175049,3,-0.6183069348335266,4,0.9747644066810608,5,2.3459722995758057,6,-1.196123480796814,7,0.43487194180488586,8,0.005231532733887434,9,0.6493629813194275
9743,0,-1.3756680488586426,1,-2.660813093185425,2,-0.7948052883148193,3,-1.911681056022644,4,-2.9829041957855225,5,2.29853892326355,6,0.7494749426841736,7,0.21919521689414978,8,3.1380531787872314,9,-1.32244074344635
9744,0,-1.7625912427902222,1,-1.4551146030426025,2,-2.2658286094665527,3,1.5207910537719727,4,2.907501220703125,5,0.5767600536346436,6,0.6239596605300903,7,2.5833396911621094,8,2.214862823486328,9,2.9080162048339844
9745,0,-2.01885986328125,1,-2.7760589122772217,2,-0.6318380236625671,3,-0.8059045672416687,4,1.0177066326141357,5,0.7130820155143738,6,1.8976545333862305,7,0.26383721828460693,8,2.0746195316314697,9,0.6741431355476379
9746,0,-2.2822372913360596,1,-1.9225448369979858,2,-0.6232779622077942,3,2.852433919906616,4,-1.6896926164627075,5,0.1619493067264557,6,1.619945764541626,7,1.2513456344604492,8,-1.0514894723892212,9,0.6761411428451538
9747,0,-2.5214316844940186,1,-1.5541396141052246,2,-3.0430428981781006,3,-0.8672541975975037,4,-1.5557000637054443,5,-1.2823843955993652,6,0.894162654876709,7,2.3798112869262695,8,0.05730023235082626,9,3.057481288909912
9748,0,-2.801240921020508,1,-2.1879568099975586,2,1.351539969444275,3,-1.6703670024871826,4,0.799700915813446,5,1.698334813117981,6,3.0558648109436035,7,0.12730956077575684,8,2.771050214767456,9,2.178621292114258
9749,0,-2.6430623531341553,1,-0.7378831505775452,2,-0.8041786551475525,3,-3.0456156730651855,4,-2.6903440952301025,5,1.2369117736816406,6,2.2617056369781494,7,-3.0619990825653076,8,-1.1288425922393799,9,0.21973992884159088
9750,0,-2.940263271331787,1,-3.0718066692352295,2,-1.8324757814407349,3,-0.6278748512268066,4,-1.379575252532959,5,-0.8698068261146545,6,-0.6294875144958496,7,1.50307297706604,8,0.8761317729949951,9,-3.0984811782836914
9751,0,-3.1273534297943115,1,-2.589935064315796,2,0.6560920476913452,3,0.30772578716278076,4,-1.2303611040115356,5,0.5771722793579102,6,2.25821590423584,7,2.536360025405884,8,2.7022080421447754,9,1.5584717988967896
9752,0,-2.032709836959839,1,-3.0100502967834473,2,-0.9789464473724365,3,1.195946216583252,4,-1.719275712966919,5,-2.1842398643493652,6,1.1157735586166382,7,1.9872615337371826,8,1.7120757102966309,9,1.1126015186309814
9753,0,-3.0612316131591797,1,-2.9945132732391357,2,-2.3679447174072266,3,-2.7445836067199707,4,-0.23350614309310913,5,0.08256307244300842,6,-2.529791831970215,7,2.3196492195129395,8,-0.19127731025218964,9,-3.023005962371826
9754,0,-1.82455575466156,1,1.1752334833145142,2,-2.9287374019622803,3,0.8143465518951416,4,-2.8386380672454834,5,1.291779637336731,6,-0.4842698276042938,7,2.7436087131500244,8,1.8003590106964111,9,2.820894241333008
9755,0,-2.4579548835754395,1,-2.108344554901123,2,-2.2142105102539062,3,-2.0305962562561035,4,-2.0912728309631348,5,-1.8150544166564941,6,-0.8135492205619812,7,-0.08577419072389603,8,2.5885682106018066,9,1.4298125505447388
9756,0,-1.4747172594070435,1,-3.098184108734131,2,-1.113006830215454,3,-1.5865821838378906,4,-2.9628243446350098,5,-0.5046514868736267,6,0.23039500415325165,7,2.1047356128692627,8,-1.273650050163269,9,0.5917190909385681
9757,0,-3.0947916507720947,1,-1.9673833847045898,2,-2.906668186187744,3,3.0111818313598633,4,-1.9387212991714478,5,2.6978979110717773,6,-0.12948758900165558,7,2.3697171211242676,8,2.47318959236145,9,-0.2540660798549652
9758,0,-3.016873836517334,1,1.6577527523040771,2,-0.836296558380127,3,-0.7574775218963623,4,1.090182900428772,5,2.1897830963134766,6,1.3976165056228638,7,1.311845302581787,8,1.125905156135559,9,2.900189161300659
9759,0,-1.9423714876174927,1,0.8096626996994019,2,-2.3192639350891113,3,0.301998108625412,4,-0.021093182265758514,5,0.0814526304602623,6,1.8244214057922363,7,1.3890461921691895,8,1.0023614168167114,9,0.7652241587638855
9760,0,-2.9219472408294678,1,-1.6050646305084229,2,2.396677255630493,3,1.0084340572357178,4,-0.8535604476928711,5,2.0626134872436523,6,0.18675121665000916,7,1.866140365600586,8,2.2399327754974365,9,3.0476315021514893
9761,0,-2.388363838195801,1,-1.7245447635650635,2,0.07797479629516602,3,-2.550448179244995,4,2.9860680103302,5,1.0641498565673828,6,-0.4711354970932007,7,1.9567517042160034,8,-2.686788320541382,9,0.5328500866889954
9762,0,-2.366964340209961,1,-1.226215124130249,2,-2.0060746669769287,3,0.890569806098938,4,0.6677230596542358,5,2.780730724334717,6,2.5003678798675537,7,3.0623481273651123,8,1.9130226373672485,9,2.713524103164673
9763,0,-0.33829545974731445,1,2.9760427474975586,2,0.035075969994068146,3,1.904901146888733,4,0.5234799981117249,5,2.2253942489624023,6,2.2834343910217285,7,1.7078921794891357,8,0.5409601330757141,9,2.826371431350708
9764,0,-2.7461161613464355,1,-2.720839262008667,2,-1.1293505430221558,3,0.9654312133789062,4,-2.1246070861816406,5,1.2570093870162964,6,-0.9438455700874329,7,1.6539133787155151,8,-0.7446232438087463,9,0.644105851650238
9765,0,-2.662900924682617,1,-1.9827224016189575,2,-1.562379002571106,3,-0.7287094593048096,4,-2.0296359062194824,5,-1.8101084232330322,6,1.0178320407867432,7,2.311232328414917,8,2.932246208190918,9,1.06643807888031
9766,0,-2.626957654953003,1,-0.17719058692455292,2,-2.987701177597046,3,0.06566483527421951,4,0.7118757367134094,5,-0.21044392883777618,6,0.6258513927459717,7,0.8799599409103394,8,0.8286517262458801,9,0.6480234265327454
9767,0,-2.3257391452789307,1,-2.2556560039520264,2,1.5167382955551147,3,-1.5641932487487793,4,-3.0811095237731934,5,2.264416217803955,6,-0.5113998651504517,7,-0.39781835675239563,8,0.3787232041358948,9,-0.05567113310098648
9768,0,-1.6375075578689575,1,-0.5420928001403809,2,-0.1804077923297882,3,-1.4943177700042725,4,-0.7473727464675903,5,-0.25609132647514343,6,0.4117986559867859,7,-1.4827772378921509,8,-0.3918338716030121,9,-2.977321147918701
9769,0,-2.443657636642456,1,-1.204082727432251,2,-1.5192980766296387,3,-0.728652834892273,4,0.8911092281341553,5,0.9344908595085144,6,0.7723863124847412,7,3.0311293601989746,8,-0.018428361043334007,9,0.7147476673126221
9770,0,-1.5864863395690918,1,2.538130283355713,2,1.3516993522644043,3,-0.30862748622894287,4,2.0513863563537598,5,1.0480543375015259,6,0.8171399831771851,7,1.7708797454833984,8,0.6548609733581543,9,0.012966449372470379
9771,0,-2.2548415660858154,1,-1.690972924232483,2,-1.5665465593338013,3,-0.903664231300354,4,1.8199589252471924,5,0.4168609380722046,6,-0.7717153429985046,7,-3.1086862087249756,8,0.6541957855224609,9,2.769606828689575
9772,0,-2.5089831352233887,1,-2.835813522338867,2,-1.0338151454925537,3,2.9755725860595703,4,-1.3551020622253418,5,1.786281943321228,6,0.4948200285434723,7,0.42215389013290405,8,-2.498396158218384,9,2.9840519428253174
9773,0,2.3371520042419434,1,-1.737364649772644,2,-0.8723539113998413,3,-0.4010624587535858,4,-1.9894607067108154,5,0.4982483685016632,6,0.15584750473499298,7,2.7067878246307373,8,0.43854472041130066,9,-2.318911075592041
9774,0,1.1470472812652588,1,-2.7603020668029785,2,-0.8693080544471741,3,-0.7501839995384216,4,0.9183454513549805,5,1.4610862731933594,6,0.42852845788002014,7,0.8113757371902466,8,-0.32489606738090515,9,3.0655219554901123
9775,0,-1.485740303993225,1,-3.021261692047119,2,-2.252206563949585,3,0.9564547538757324,4,0.9717522263526917,5,0.361419141292572,6,-2.6358957290649414,7,2.1321115493774414,8,2.3116912841796875,9,0.9723877310752869
9776,0,-1.6792685985565186,1,-1.3936166763305664,2,-2.9965951442718506,3,-0.48231860995292664,4,0.7933579683303833,5,-1.2727644443511963,6,-1.603307843208313,7,-1.0542845726013184,8,1.0265170335769653,9,0.8162874579429626
9777,0,-1.9419869184494019,1,-2.415064811706543,2,-2.7575740814208984,3,-3.1226158142089844,4,-2.0550336837768555,5,-0.284921795129776,6,1.5903810262680054,7,-0.20153869688510895,8,2.572030782699585,9,2.894190549850464
9778,0,-0.7991284132003784,1,-0.5689897537231445,2,2.2544801235198975,3,0.11293889582157135,4,-1.1305387020111084,5,2.157320022583008,6,1.8462531566619873,7,1.7497456073760986,8,2.4283230304718018,9,1.631291389465332
9779,0,-2.024193048477173,1,-2.6231396198272705,2,-0.5482218265533447,3,-2.483458995819092,4,-2.5854897499084473,5,0.9971188306808472,6,2.6038594245910645,7,-0.7349889874458313,8,-0.23724079132080078,9,-2.003373861312866
9780,0,-2.345669746398926,1,-1.9548202753067017,2,0.35864248871803284,3,-1.9991157054901123,4,-0.6863781809806824,5,-0.5176979303359985,6,1.0073440074920654,7,-0.7867441177368164,8,-1.2296078205108643,9,0.8844735026359558
9781,0,-2.5160229206085205,1,-2.5201313495635986,2,-1.9812532663345337,3,2.8388938903808594,4,-2.5517141819000244,5,-2.829929828643799,6,2.492913007736206,7,2.613701105117798,8,1.1101104021072388,9,-3.0178921222686768
9782,0,-2.6426825523376465,1,-0.9605178236961365,2,1.3763067722320557,3,-0.7350130081176758,4,-0.1415136158466339,5,2.9638359546661377,6,2.793006420135498,7,2.7335426807403564,8,0.006062755826860666,9,1.7174055576324463
9783,0,-2.8522188663482666,1,2.9923434257507324,2,0.008579915389418602,3,-2.7262556552886963,4,-2.143907308578491,5,2.5971622467041016,6,2.8536267280578613,7,1.4933627843856812,8,-1.201135277748108,9,0.9480035305023193
9784,0,-2.4230411052703857,1,-1.1077709197998047,2,-2.928548812866211,3,3.0494024753570557,4,3.060359477996826,5,-0.1910790354013443,6,-0.40703287720680237,7,1.0781246423721313,8,-0.3909286558628082,9,1.428505301475525
9785,0,-2.18435001373291,1,0.037168458104133606,2,-2.060117244720459,3,-1.3729273080825806,4,2.392873525619507,5,-0.8956347703933716,6,0.561345100402832,7,2.710832357406616,8,0.05793296545743942,9,0.5585110187530518
9786,0,-0.19381871819496155,1,-1.9457505941390991,2,-2.0515782833099365,3,0.4853247404098511,4,1.0779277086257935,5,-0.3629934787750244,6,2.101137161254883,7,1.0448346138000488,8,-1.3911757469177246,9,-0.23721759021282196
9787,0,-1.8190172910690308,1,-2.4575369358062744,2,-0.5688991546630859,3,-1.1071518659591675,4,-1.9369016885757446,5,1.3775074481964111,6,2.5763511657714844,7,0.6808892488479614,8,2.150353193283081,9,0.004353180527687073
9788,0,3.135610580444336,1,-2.630608558654785,2,-0.34780776500701904,3,-0.7792877554893494,4,1.2038706541061401,5,2.7910141944885254,6,-1.4440336227416992,7,1.747546911239624,8,0.797807514667511,9,-1.4366753101348877
9789,0,-2.110366106033325,1,-1.5152686834335327,2,-1.082857370376587,3,-1.154076099395752,4,2.5506527423858643,5,2.776768684387207,6,2.1730127334594727,7,0.2988003194332123,8,1.4881712198257446,9,0.525100827217102
9790,0,0.27035173773765564,1,2.960052251815796,2,-0.2961473762989044,3,-0.37860602140426636,4,-0.6979230046272278,5,2.055849313735962,6,-0.7391545176506042,7,1.3350974321365356,8,0.5250841379165649,9,0.2734151780605316
9791,0,-1.0686272382736206,1,-1.253675103187561,2,-0.24275235831737518,3,-1.9882879257202148,4,0.6922585368156433,5,0.21587425470352173,6,1.3018916845321655,7,1.9976176023483276,8,2.8021433353424072,9,2.2211740016937256
9792,0,2.722116708755493,1,1.0236095190048218,2,0.9269481301307678,3,-1.2823797464370728,4,-0.3720109462738037,5,0.6323020458221436,6,0.5113817453384399,7,0.47317272424697876,8,0.08554236590862274,9,0.1467258632183075
9793,0,-2.895068645477295,1,-0.9894629120826721,2,0.9929672479629517,3,0.7961186170578003,4,0.5369607210159302,5,1.6480462551116943,6,-1.8445154428482056,7,2.8565988540649414,8,0.5668275952339172,9,0.30486035346984863
9794,0,-2.716261148452759,1,-2.5230162143707275,2,0.041551679372787476,3,-0.5298269987106323,4,2.350524663925171,5,-0.24232320487499237,6,1.185745120048523,7,0.2850305438041687,8,0.6712180376052856,9,-0.3048815131187439
9795,0,-1.9437177181243896,1,-1.0946543216705322,2,-2.4057424068450928,3,2.9586219787597656,4,-1.0879236459732056,5,0.3350597023963928,6,2.460963487625122,7,2.715362071990967,8,-0.07347936183214188,9,2.523087501525879
9796,0,-2.297173500061035,1,-0.7710559964179993,2,-2.438462972640991,3,-0.9882786273956299,4,1.5487494468688965,5,1.2573028802871704,6,3.1374173164367676,7,0.2982873022556305,8,0.2708364725112915,9,0.4090706408023834
9797,0,-2.375147819519043,1,-0.07782714068889618,2,1.0002743005752563,3,-0.5104425549507141,4,1.5124846696853638,5,2.7619833946228027,6,1.884766697883606,7,3.0145368576049805,8,-1.3500338792800903,9,3.0479013919830322
9798,0,-2.018643379211426,1,-1.644343614578247,2,-1.5057824850082397,3,1.0972107648849487,4,1.6003164052963257,5,2.659477472305298,6,1.4411858320236206,7,2.143702983856201,8,1.1679303646087646,9,2.5674338340759277
9799,0,-3.0978586673736572,1,0.07875703275203705,2,-0.7394337058067322,3,1.033734917640686,4,-0.02800750732421875,5,1.7156896591186523,6,2.653562545776367,7,2.093411684036255,8,1.5037009716033936,9,0.5032623410224915
9800,0,-2.576026678085327,1,-2.1955974102020264,2,0.15981805324554443,3,-0.6228424906730652,4,-0.8257342576980591,5,2.106771945953369,6,2.771259307861328,7,2.5813162326812744,8,1.4068197011947632,9,0.6442400813102722
9801,0,-1.6016861200332642,1,-2.0358452796936035,2,-2.0425257682800293,3,0.939970850944519,4,-2.3075547218322754,5,1.536652684211731,6,-0.8466872572898865,7,1.8525314331054688,8,0.5734196305274963,9,-3.0519187450408936
9802,0,-1.614570140838623,1,-2.4125657081604004,2,-0.7962026596069336,3,1.493859887123108,4,-0.9041320085525513,5,-0.7584300637245178,6,0.2873092293739319,7,1.835354208946228,8,2.8529579639434814,9,2.1676151752471924
9803,0,-2.8520407676696777,1,-2.162332057952881,2,-0.5313225388526917,3,-1.4739316701889038,4,1.5657696723937988,5,0.854236364364624,6,1.0398789644241333,7,2.377434730529785,8,-0.7149245738983154,9,2.2092337608337402
9804,0,-0.901690661907196,1,-2.189321279525757,2,-1.680784821510315,3,0.9136130809783936,4,-1.5972014665603638,5,2.199522018432617,6,-2.0227749347686768,7,1.8104162216186523,8,1.7296490669250488,9,-0.6272673010826111
9805,0,-2.908480405807495,1,-1.2255305051803589,2,-0.46330657601356506,3,1.3954839706420898,4,-0.1916598379611969,5,1.5974135398864746,6,0.29120996594429016,7,2.396641254425049,8,1.7877219915390015,9,-0.020337367430329323
9806,0,-1.147788405418396,1,-2.7910985946655273,2,-2.7711181640625,3,1.0940463542938232,4,1.119386076927185,5,1.2092866897583008,6,-0.13520367443561554,7,-0.5329914093017578,8,-0.26387467980384827,9,0.7828634977340698
9807,0,-3.1208460330963135,1,-0.4992729127407074,2,-2.000511646270752,3,-0.9501587748527527,4,0.7750500440597534,5,-0.37845370173454285,6,1.2296581268310547,7,2.7286972999572754,8,-2.989511489868164,9,2.7930476665496826
9808,0,-2.2088074684143066,1,-3.0840303897857666,2,-1.8535455465316772,3,-0.43488720059394836,4,-2.4615604877471924,5,1.2405017614364624,6,0.6784587502479553,7,0.1794738471508026,8,0.6283391714096069,9,0.44057393074035645
9809,0,-2.0214755535125732,1,-2.862072706222534,2,-0.7968505620956421,3,-1.1606842279434204,4,-2.013225793838501,5,-0.1691504567861557,6,-1.2063723802566528,7,2.208014726638794,8,2.917602300643921,9,1.1674400568008423
9810,0,-2.1336777210235596,1,-2.0878167152404785,2,2.1157686710357666,3,-2.8087189197540283,4,-2.1022448539733887,5,2.9085826873779297,6,1.8540884256362915,7,0.6692113876342773,8,2.747509479522705,9,1.1074072122573853
9811,0,-2.77052903175354,1,-3.0595543384552,2,-0.5067905187606812,3,0.6476282477378845,4,-2.833338499069214,5,0.2213933765888214,6,-0.01933271624147892,7,0.5586332082748413,8,-2.7974259853363037,9,1.87528657913208
9812,0,-2.2058112621307373,1,-2.688901901245117,2,-0.785653293132782,3,-0.08571771532297134,4,-0.8628664612770081,5,2.2256083488464355,6,1.1833034753799438,7,0.23684655129909515,8,2.314450740814209,9,-0.7616651058197021
9813,0,2.4596874713897705,1,0.03087625652551651,2,-1.6394139528274536,3,-0.4880259335041046,4,-0.06567177176475525,5,2.3021702766418457,6,0.5749455094337463,7,2.954068660736084,8,1.8371787071228027,9,0.1742764711380005
9814,0,-2.5447118282318115,1,-1.0904114246368408,2,-1.055452823638916,3,-0.2854207754135132,4,0.4995206892490387,5,0.654473066329956,6,2.562859535217285,7,2.034384250640869,8,2.5485668182373047,9,0.46466755867004395
9815,0,-1.390608549118042,1,-2.870668649673462,2,-1.6852288246154785,3,-0.4688369929790497,4,-0.4084615409374237,5,-0.7559748291969299,6,1.563962697982788,7,1.2418854236602783,8,3.1238927841186523,9,-1.321806788444519
9816,0,-2.926703453063965,1,-0.4393959939479828,2,3.0229716300964355,3,-0.9087766408920288,4,3.0430893898010254,5,-0.04642728343605995,6,-0.5613497495651245,7,1.532773733139038,8,-1.3100112676620483,9,1.5962932109832764
9817,0,-1.3175899982452393,1,2.1699914932250977,2,2.3699917793273926,3,0.4935116469860077,4,2.4010403156280518,5,2.0422186851501465,6,2.252699613571167,7,2.08990740776062,8,2.9617505073547363,9,0.33930477499961853
9818,0,-0.6127303838729858,1,3.114380121231079,2,-1.838706135749817,3,-0.09976142644882202,4,-1.722724199295044,5,0.582699716091156,6,2.575988531112671,7,0.03304021805524826,8,2.1366357803344727,9,2.360581874847412
9819,0,-1.7202045917510986,1,-3.022881031036377,2,3.1086506843566895,3,1.3092188835144043,4,-2.1019339561462402,5,2.431612014770508,6,1.4155504703521729,7,1.4581575393676758,8,1.177836298942566,9,0.7862952351570129
9820,0,-0.7435689568519592,1,-2.1566600799560547,2,-0.6175976395606995,3,-1.3877843618392944,4,-1.6313657760620117,5,2.4123592376708984,6,2.0051307678222656,7,0.7391001582145691,8,-1.5010179281234741,9,1.3614039421081543
9821,0,-2.6669650077819824,1,-2.320394515991211,2,-2.087700128555298,3,0.24817593395709991,4,-1.0115479230880737,5,0.702822208404541,6,-3.108398199081421,7,2.7491092681884766,8,0.7943682074546814,9,0.32741573452949524
9822,0,-2.6775286197662354,1,-2.2963216304779053,2,-0.41297441720962524,3,-1.7471035718917847,4,-2.2976856231689453,5,1.1891380548477173,6,1.2853620052337646,7,-1.6769540309906006,8,0.39994892477989197,9,-0.1812819093465805
9823,0,-2.5863637924194336,1,-1.6263208389282227,2,-2.0872673988342285,3,-1.7207753658294678,4,-0.34172818064689636,5,-2.7524850368499756,6,-0.3202590048313141,7,2.2322676181793213,8,2.2474820613861084,9,2.422361373901367
9824,0,-2.3691928386688232,1,-2.2789244651794434,2,-2.4864351749420166,3,1.131378412246704,4,0.4863189458847046,5,-1.4725159406661987,6,-2.219534158706665,7,-0.8908695578575134,8,1.6164449453353882,9,2.7460784912109375
9825,0,-2.618431568145752,1,-1.9663991928100586,2,-1.689874291419983,3,-0.43000540137290955,4,-0.7728092074394226,5,2.96044659614563,6,2.3844451904296875,7,0.815514862537384,8,0.388353168964386,9,2.796945095062256
9826,0,-2.6757431030273438,1,-3.0241446495056152,2,-0.8431737422943115,3,-1.5613332986831665,4,0.942584216594696,5,2.0297117233276367,6,-0.8155518770217896,7,1.8399927616119385,8,-0.1590089648962021,9,2.1204302310943604
9827,0,-2.227444648742676,1,-2.6586713790893555,2,-1.0406817197799683,3,-2.618842124938965,4,2.895704984664917,5,-0.446448415517807,6,0.36463120579719543,7,2.150827646255493,8,2.5218560695648193,9,2.3049020767211914
9828,0,-1.0151116847991943,1,-1.0863510370254517,2,-1.9321056604385376,3,-0.6212133169174194,4,1.1875014305114746,5,1.1396905183792114,6,2.9672515392303467,7,1.0393826961517334,8,-1.2981657981872559,9,1.6575255393981934
9829,0,-3.085585117340088,1,1.3862950801849365,2,-1.8131494522094727,3,1.4507654905319214,4,1.3554099798202515,5,0.14394305646419525,6,-1.6202791929244995,7,0.4592600464820862,8,0.5358418822288513,9,0.9407245516777039
9830,0,-0.8846047520637512,1,-2.710890769958496,2,1.8280766010284424,3,-0.8336603045463562,4,1.516084909439087,5,2.1199758052825928,6,3.0032596588134766,7,1.9163978099822998,8,1.4329917430877686,9,0.5750558376312256
9831,0,-2.775329828262329,1,-1.3093012571334839,2,-2.1172118186950684,3,-2.0457570552825928,4,1.3922107219696045,5,-0.2164009064435959,6,1.855391025543213,7,2.384298801422119,8,-1.1566323041915894,9,0.8514527678489685
9832,0,-2.378143072128296,1,-2.852886438369751,2,-1.4954631328582764,3,-2.6095924377441406,4,-2.298506736755371,5,1.5384963750839233,6,1.9726958274841309,7,1.7170404195785522,8,2.528939962387085,9,2.419955015182495
9833,0,2.9103341102600098,1,-2.1289970874786377,2,-2.3105154037475586,3,-2.759056568145752,4,-1.9776160717010498,5,-1.3689550161361694,6,0.7807268500328064,7,0.8466615080833435,8,1.955937147140503,9,0.5420491695404053
9834,0,-2.9815382957458496,1,-1.8423949480056763,2,-0.5196284651756287,3,-0.1908988207578659,4,-1.5481877326965332,5,0.8655627965927124,6,0.5603291988372803,7,1.9009819030761719,8,2.1256039142608643,9,-0.8484993577003479
9835,0,-2.1085329055786133,1,-1.2654069662094116,2,-2.1868653297424316,3,-0.3496971130371094,4,-2.971043109893799,5,2.12115216255188,6,0.2116471379995346,7,2.170646905899048,8,-1.1655938625335693,9,2.7678587436676025
9836,0,-2.100334644317627,1,-0.6675767302513123,2,-2.812893867492676,3,-2.0108842849731445,4,1.8190929889678955,5,1.9900957345962524,6,-0.38734132051467896,7,0.43243643641471863,8,-1.664412260055542,9,1.8469911813735962
9837,0,-2.7978339195251465,1,-2.8548192977905273,2,-0.288430392742157,3,-0.9148010611534119,4,-2.0912933349609375,5,0.7579034566879272,6,0.7989068627357483,7,0.5957468748092651,8,2.8426644802093506,9,1.8873937129974365
9838,0,-0.8321844935417175,1,0.09155824780464172,2,-0.7406808137893677,3,-0.3773195743560791,4,-0.41259974241256714,5,0.3600854277610779,6,2.8729498386383057,7,0.26170268654823303,8,0.9861024618148804,9,1.6783878803253174
9839,0,-2.860473871231079,1,-2.008117198944092,2,-1.7610294818878174,3,2.2129111289978027,4,-2.871347427368164,5,2.263075351715088,6,-1.378656268119812,7,2.4019081592559814,8,-1.8389296531677246,9,1.5939077138900757
9840,0,-1.9764074087142944,1,-2.3247971534729004,2,0.9103860855102539,3,1.3107832670211792,4,-1.1717747449874878,5,2.028519630432129,6,1.4680912494659424,7,2.19258189201355,8,2.431180715560913,9,0.9637120366096497
9841,0,-2.564199924468994,1,-1.4412612915039062,2,-2.617065668106079,3,0.8953958749771118,4,-2.598149538040161,5,-2.071854591369629,6,-0.5879905223846436,7,1.42406165599823,8,3.00667405128479,9,2.9956023693084717
9842,0,-1.9095375537872314,1,-2.4185187816619873,2,1.1117057800292969,3,-2.990976572036743,4,2.206282377243042,5,2.347485065460205,6,0.3154037296772003,7,1.0535368919372559,8,-1.139407753944397,9,0.11275719851255417
9843,0,-1.5235122442245483,1,-0.764687180519104,2,2.9952433109283447,3,-0.6600983738899231,4,-0.0474400632083416,5,-0.7633381485939026,6,0.47573691606521606,7,-1.5659137964248657,8,0.9506552815437317,9,2.165161609649658
9844,0,-2.2435531616210938,1,1.92336106300354,2,1.181168556213379,3,1.7357333898544312,4,-2.5467422008514404,5,2.1825437545776367,6,1.8486590385437012,7,0.5976304411888123,8,2.0322930812835693,9,1.9305369853973389
9845,0,-2.619295597076416,1,-1.6299262046813965,2,-2.075019121170044,3,-0.5293352007865906,4,-0.47499826550483704,5,2.3693196773529053,6,-0.6457766890525818,7,1.763246774673462,8,2.3460330963134766,9,-0.48406922817230225
9846,0,-2.5516302585601807,1,-2.2762272357940674,2,-1.0784587860107422,3,-1.0060118436813354,4,3.0228230953216553,5,2.129927396774292,6,-1.6567211151123047,7,2.878544807434082,8,3.0705597400665283,9,2.916588544845581
9847,0,-2.054946184158325,1,-0.5258064270019531,2,-1.2210177183151245,3,2.7660086154937744,4,1.8081403970718384,5,2.8388609886169434,6,-2.8734853267669678,7,2.2470924854278564,8,2.7384417057037354,9,0.0885297879576683
9848,0,-2.018482208251953,1,-1.559522271156311,2,-2.3920743465423584,3,-2.844956636428833,4,-1.2368804216384888,5,0.9331322908401489,6,-0.016020990908145905,7,-1.2763811349868774,8,0.09803824871778488,9,0.41345950961112976
9849,0,3.1084487438201904,1,-0.6634320020675659,2,2.930269241333008,3,0.8126149773597717,4,-0.07498001307249069,5,2.0590076446533203,6,2.351243257522583,7,1.9349687099456787,8,-2.969179153442383,9,1.5878890752792358
9850,0,-2.564291000366211,1,-1.4794797897338867,2,-3.0120623111724854,3,-2.4922754764556885,4,-2.0020439624786377,5,-1.362820029258728,6,2.6256532669067383,7,3.017479419708252,8,-2.919513702392578,9,2.392648458480835
9851,0,-2.6201095581054688,1,-2.0769286155700684,2,-2.0935323238372803,3,0.5000163912773132,4,0.12882006168365479,5,0.5968342423439026,6,1.9138647317886353,7,0.4425821304321289,8,1.369397521018982,9,0.30782127380371094
9852,0,-2.743241548538208,1,-0.30865195393562317,2,-0.9429229497909546,3,2.993483066558838,4,-1.3309816122055054,5,-3.025967836380005,6,-1.7374401092529297,7,0.27802443504333496,8,3.1235063076019287,9,1.0410943031311035
9853,0,-2.071220874786377,1,-1.572994589805603,2,-1.7815861701965332,3,-1.3554580211639404,4,0.21430249512195587,5,1.8545093536376953,6,2.76015043258667,7,3.0725724697113037,8,-0.050366345793008804,9,1.9858455657958984
9854,0,-1.9191442728042603,1,-0.969207763671875,2,-0.6247664093971252,3,1.3627256155014038,4,2.473656415939331,5,1.4430525302886963,6,2.9406089782714844,7,1.8966400623321533,8,0.4195689260959625,9,1.7664191722869873
9855,0,-2.839677333831787,1,-1.1657462120056152,2,-2.8884687423706055,3,-1.7032647132873535,4,-0.02363177016377449,5,1.52701997756958,6,2.285510540008545,7,0.756621778011322,8,1.4032484292984009,9,1.1966270208358765
9856,0,-1.1456871032714844,1,1.0099889039993286,2,-0.8270155787467957,3,0.16566723585128784,4,2.6761019229888916,5,2.4056568145751953,6,-1.318901777267456,7,1.4886120557785034,8,2.6358156204223633,9,0.1590099185705185
9857,0,-3.0923056602478027,1,-2.0792462825775146,2,-1.8651796579360962,3,-2.924048662185669,4,0.04233834147453308,5,-0.4415227472782135,6,2.0401499271392822,7,2.9325790405273438,8,1.136008381843567,9,1.625636100769043
9858,0,-1.5688987970352173,1,-2.3294010162353516,2,-1.0011422634124756,3,-1.123626947402954,4,2.723482608795166,5,-2.7183642387390137,6,2.6578078269958496,7,0.6712740063667297,8,2.6379218101501465,9,2.7371273040771484
9859,0,-1.2530096769332886,1,-0.5569165349006653,2,-0.00933509785681963,3,1.10439133644104,4,2.6578221321105957,5,2.065211057662964,6,0.08621124923229218,7,1.858403205871582,8,2.4207510948181152,9,2.2494630813598633
9860,0,-2.733246088027954,1,-0.5305032134056091,2,-2.322864294052124,3,-0.9490965008735657,4,-0.361953467130661,5,-0.26047202944755554,6,3.133012533187866,7,2.1711275577545166,8,0.8051384687423706,9,0.09068529307842255
9861,0,2.70013689994812,1,-2.884700298309326,2,-1.8158228397369385,3,2.77382755279541,4,2.582075595855713,5,-1.340602159500122,6,-1.0837314128875732,7,0.4154711067676544,8,-2.021980047225952,9,0.08913180232048035
9862,0,-2.9975647926330566,1,1.5408788919448853,2,2.8896024227142334,3,-0.5591506361961365,4,-1.2338908910751343,5,2.5397753715515137,6,2.6421172618865967,7,-1.2978445291519165,8,2.329179525375366,9,1.4783421754837036
9863,0,-1.2629870176315308,1,-1.3289518356323242,2,-2.580725908279419,3,1.2220779657363892,4,-1.8576117753982544,5,2.476763963699341,6,3.11974835395813,7,2.6422512531280518,8,0.05938556417822838,9,1.879461407661438
9864,0,-2.6612627506256104,1,3.0996687412261963,2,-0.4728891849517822,3,2.5700132846832275,4,-2.9050443172454834,5,0.8513724207878113,6,2.765014886856079,7,-0.1927156299352646,8,-2.0822787284851074,9,0.5449326634407043
9865,0,-1.9546762704849243,1,2.3075737953186035,2,-2.590735673904419,3,1.3780261278152466,4,1.4062100648880005,5,0.6305569410324097,6,0.7012501955032349,7,0.25649648904800415,8,2.9014241695404053,9,0.10888727009296417
9866,0,-2.7279021739959717,1,-1.8634394407272339,2,3.0926930904388428,3,-0.9984623193740845,4,1.587780237197876,5,1.060142993927002,6,0.8375011086463928,7,1.834754228591919,8,0.9312248229980469,9,2.134305000305176
9867,0,-2.0163350105285645,1,-1.834096074104309,2,-2.4180705547332764,3,0.17986243963241577,4,0.7274224758148193,5,2.9638278484344482,6,-2.2240707874298096,7,0.4828014373779297,8,2.4297409057617188,9,2.4169814586639404
